start_time,end_time,duration_periods,duration_hours,max_price,min_price,avg_price,total_revenue,start_price,end_price,peak_time,start_hour,start_month,start_year,duration_category
2020-01-04 16:00:00,2020-01-04 16:00:00,1,0.5,2017.52,2017.52,2017.52,1008.76,2017.52,2017.52,2020-01-04 16:00:00,16,1,2020,<30min
2020-01-23 17:30:00,2020-01-23 17:30:00,1,0.5,2286.08,2286.08,2286.08,1143.04,2286.08,2286.08,2020-01-23 17:30:00,17,1,2020,<30min
2020-01-23 19:00:00,2020-01-23 19:00:00,1,0.5,2295.63,2295.63,2295.63,1147.815,2295.63,2295.63,2020-01-23 19:00:00,19,1,2020,<30min
2020-01-30 18:00:00,2020-01-30 18:00:00,1,0.5,1556.43,1556.43,1556.43,778.215,1556.43,1556.43,2020-01-30 18:00:00,18,1,2020,<30min
2020-01-31 16:30:00,2020-01-31 16:30:00,1,0.5,1569.42,1569.42,1569.42,784.71,1569.42,1569.42,2020-01-31 16:30:00,16,1,2020,<30min
2020-01-31 17:30:00,2020-01-31 17:30:00,1,0.5,1609.87,1609.87,1609.87,804.935,1609.87,1609.87,2020-01-31 17:30:00,17,1,2020,<30min
2020-01-31 19:00:00,2020-01-31 19:00:00,1,0.5,1162.85,1162.85,1162.85,581.425,1162.85,1162.85,2020-01-31 19:00:00,19,1,2020,<30min
2020-10-13 10:00:00,2020-10-13 10:00:00,1,0.5,2178.89,2178.89,2178.89,1089.445,2178.89,2178.89,2020-10-13 10:00:00,10,10,2020,<30min
2020-11-16 13:30:00,2020-11-16 13:30:00,1,0.5,1885.87,1885.87,1885.87,942.935,1885.87,1885.87,2020-11-16 13:30:00,13,11,2020,<30min
2020-11-17 13:30:00,2020-11-17 13:30:00,1,0.5,1848.38,1848.38,1848.38,924.19,1848.38,1848.38,2020-11-17 13:30:00,13,11,2020,<30min
2020-11-26 17:00:00,2020-11-26 17:00:00,1,0.5,2467.39,2467.39,2467.39,1233.695,2467.39,2467.39,2020-11-26 17:00:00,17,11,2020,<30min
2020-12-20 16:30:00,2020-12-20 16:30:00,1,0.5,2337.53,2337.53,2337.53,1168.765,2337.53,2337.53,2020-12-20 16:30:00,16,12,2020,<30min
2021-01-24 17:00:00,2021-01-24 17:00:00,1,0.5,2387.21,2387.21,2387.21,1193.605,2387.21,2387.21,2021-01-24 17:00:00,17,1,2021,<30min
2021-02-09 19:00:00,2021-02-09 19:00:00,1,0.5,1836.24,1836.24,1836.24,918.12,1836.24,1836.24,2021-02-09 19:00:00,19,2,2021,<30min
2021-02-22 19:00:00,2021-02-22 19:00:00,1,0.5,2360.18,2360.18,2360.18,1180.09,2360.18,2360.18,2021-02-22 19:00:00,19,2,2021,<30min
2021-03-05 19:00:00,2021-03-05 19:00:00,1,0.5,2512.61,2512.61,2512.61,1256.305,2512.61,2512.61,2021-03-05 19:00:00,19,3,2021,<30min
2021-03-08 18:00:00,2021-03-08 18:00:00,1,0.5,2515.68,2515.68,2515.68,1257.84,2515.68,2515.68,2021-03-08 18:00:00,18,3,2021,<30min
2021-03-09 19:00:00,2021-03-09 19:00:00,1,0.5,2371.43,2371.43,2371.43,1185.715,2371.43,2371.43,2021-03-09 19:00:00,19,3,2021,<30min
2021-03-14 19:00:00,2021-03-14 19:00:00,1,0.5,2004.84,2004.84,2004.84,1002.42,2004.84,2004.84,2021-03-14 19:00:00,19,3,2021,<30min
2021-04-09 15:00:00,2021-04-09 15:00:00,1,0.5,1665.83,1665.83,1665.83,832.915,1665.83,1665.83,2021-04-09 15:00:00,15,4,2021,<30min
2021-04-10 16:30:00,2021-04-10 16:30:00,1,0.5,1665.5,1665.5,1665.5,832.75,1665.5,1665.5,2021-04-10 16:30:00,16,4,2021,<30min
2021-04-10 17:30:00,2021-04-10 17:30:00,1,0.5,2037.24,2037.24,2037.24,1018.62,2037.24,2037.24,2021-04-10 17:30:00,17,4,2021,<30min
2021-04-15 18:00:00,2021-04-15 18:00:00,1,0.5,2180.65,2180.65,2180.65,1090.325,2180.65,2180.65,2021-04-15 18:00:00,18,4,2021,<30min
2021-04-19 18:30:00,2021-04-19 18:30:00,1,0.5,2470.9,2470.9,2470.9,1235.45,2470.9,2470.9,2021-04-19 18:30:00,18,4,2021,<30min
2021-04-20 06:30:00,2021-04-20 06:30:00,1,0.5,2506.8,2506.8,2506.8,1253.4,2506.8,2506.8,2021-04-20 06:30:00,6,4,2021,<30min
2021-04-20 16:00:00,2021-04-20 16:00:00,1,0.5,2334.02,2334.02,2334.02,1167.01,2334.02,2334.02,2021-04-20 16:00:00,16,4,2021,<30min
2021-04-22 07:00:00,2021-04-22 07:00:00,1,0.5,1994.69,1994.69,1994.69,997.345,1994.69,1994.69,2021-04-22 07:00:00,7,4,2021,<30min
2021-05-07 15:00:00,2021-05-07 15:00:00,1,0.5,2454.92,2454.92,2454.92,1227.46,2454.92,2454.92,2021-05-07 15:00:00,15,5,2021,<30min
2021-05-10 16:30:00,2021-05-10 16:30:00,1,0.5,2535.9,2535.9,2535.9,1267.95,2535.9,2535.9,2021-05-10 16:30:00,16,5,2021,<30min
2021-05-12 18:00:00,2021-05-12 18:00:00,1,0.5,2507.09,2507.09,2507.09,1253.545,2507.09,2507.09,2021-05-12 18:00:00,18,5,2021,<30min
2021-05-14 17:00:00,2021-05-14 17:00:00,1,0.5,2418.94,2418.94,2418.94,1209.47,2418.94,2418.94,2021-05-14 17:00:00,17,5,2021,<30min
2021-05-21 17:00:00,2021-05-21 17:00:00,1,0.5,2238.28,2238.28,2238.28,1119.14,2238.28,2238.28,2021-05-21 17:00:00,17,5,2021,<30min
2021-05-24 18:00:00,2021-05-24 18:00:00,1,0.5,2466.09,2466.09,2466.09,1233.045,2466.09,2466.09,2021-05-24 18:00:00,18,5,2021,<30min
2021-05-25 14:30:00,2021-05-25 14:30:00,1,0.5,2572.58,2572.58,2572.58,1286.29,2572.58,2572.58,2021-05-25 14:30:00,14,5,2021,<30min
2021-05-25 15:30:00,2021-05-25 19:00:00,8,4.0,15000.0,2512.48,9091.91625,36367.665,2512.48,4987.89,2021-05-25 17:00:00,15,5,2021,2-4h
2021-05-28 07:30:00,2021-05-28 07:30:00,1,0.5,2482.63,2482.63,2482.63,1241.315,2482.63,2482.63,2021-05-28 07:30:00,7,5,2021,<30min
2021-05-28 17:30:00,2021-05-28 17:30:00,1,0.5,2112.58,2112.58,2112.58,1056.29,2112.58,2112.58,2021-05-28 17:30:00,17,5,2021,<30min
2021-05-30 17:00:00,2021-05-30 17:30:00,2,1.0,2425.15,2360.72,2392.935,2392.935,2425.15,2360.72,2021-05-30 17:00:00,17,5,2021,30min-1h
2021-05-30 18:30:00,2021-05-30 19:00:00,2,1.0,2230.75,1765.13,1997.94,1997.94,2230.75,1765.13,2021-05-30 18:30:00,18,5,2021,30min-1h
2021-05-31 17:30:00,2021-05-31 18:00:00,2,1.0,3309.51,1060.74,2185.125,2185.125,3309.51,1060.74,2021-05-31 17:30:00,17,5,2021,30min-1h
2021-06-01 17:30:00,2021-06-01 19:00:00,4,2.0,2563.23,2225.77,2415.59,4831.18,2535.29,2225.77,2021-06-01 18:30:00,17,6,2021,1-2h
2021-06-02 17:30:00,2021-06-02 18:00:00,2,1.0,2276.88,2027.81,2152.3450000000003,2152.3450000000003,2027.81,2276.88,2021-06-02 18:00:00,17,6,2021,30min-1h
2021-06-03 07:30:00,2021-06-03 07:30:00,1,0.5,2201.67,2201.67,2201.67,1100.835,2201.67,2201.67,2021-06-03 07:30:00,7,6,2021,<30min
2021-06-03 16:00:00,2021-06-03 19:30:00,8,4.0,6878.0,1498.0,2938.765,11755.06,1688.1,1894.29,2021-06-03 19:00:00,16,6,2021,2-4h
2021-06-03 20:30:00,2021-06-03 22:00:00,4,2.0,1953.64,1772.86,1861.45,3722.9,1953.64,1772.86,2021-06-03 20:30:00,20,6,2021,1-2h
2021-06-04 07:00:00,2021-06-04 07:30:00,2,1.0,1980.78,1916.47,1948.625,1948.625,1916.47,1980.78,2021-06-04 07:30:00,7,6,2021,30min-1h
2021-06-04 17:00:00,2021-06-04 17:30:00,2,1.0,2108.53,1905.89,2007.21,2007.21,1905.89,2108.53,2021-06-04 17:30:00,17,6,2021,30min-1h
2021-06-04 20:30:00,2021-06-04 20:30:00,1,0.5,1498.0,1498.0,1498.0,749.0,1498.0,1498.0,2021-06-04 20:30:00,20,6,2021,<30min
2021-06-04 21:30:00,2021-06-04 21:30:00,1,0.5,1513.07,1513.07,1513.07,756.535,1513.07,1513.07,2021-06-04 21:30:00,21,6,2021,<30min
2021-06-05 17:30:00,2021-06-05 18:00:00,2,1.0,2452.85,1139.24,1796.045,1796.045,2452.85,1139.24,2021-06-05 17:30:00,17,6,2021,30min-1h
2021-06-05 19:00:00,2021-06-05 19:00:00,1,0.5,1498.0,1498.0,1498.0,749.0,1498.0,1498.0,2021-06-05 19:00:00,19,6,2021,<30min
2021-06-07 07:00:00,2021-06-07 07:00:00,1,0.5,4984.21,4984.21,4984.21,2492.105,4984.21,4984.21,2021-06-07 07:00:00,7,6,2021,<30min
2021-06-07 17:30:00,2021-06-07 17:30:00,1,0.5,2376.28,2376.28,2376.28,1188.14,2376.28,2376.28,2021-06-07 17:30:00,17,6,2021,<30min
2021-06-08 20:30:00,2021-06-08 20:30:00,1,0.5,2363.07,2363.07,2363.07,1181.535,2363.07,2363.07,2021-06-08 20:30:00,20,6,2021,<30min
2021-06-09 18:00:00,2021-06-09 18:00:00,1,0.5,2699.86,2699.86,2699.86,1349.93,2699.86,2699.86,2021-06-09 18:00:00,18,6,2021,<30min
2021-06-09 19:00:00,2021-06-09 19:00:00,1,0.5,2292.25,2292.25,2292.25,1146.125,2292.25,2292.25,2021-06-09 19:00:00,19,6,2021,<30min
2021-06-10 07:30:00,2021-06-10 07:30:00,1,0.5,2317.85,2317.85,2317.85,1158.925,2317.85,2317.85,2021-06-10 07:30:00,7,6,2021,<30min
2021-06-10 17:00:00,2021-06-10 21:30:00,10,5.0,7932.5,2190.17,3130.21,15651.050000000001,2338.85,2297.38,2021-06-10 18:00:00,17,6,2021,4-8h
2021-06-11 07:30:00,2021-06-11 08:00:00,2,1.0,2341.53,2315.09,2328.3100000000004,2328.3100000000004,2315.09,2341.53,2021-06-11 08:00:00,7,6,2021,30min-1h
2021-06-14 07:30:00,2021-06-14 07:30:00,1,0.5,2325.91,2325.91,2325.91,1162.955,2325.91,2325.91,2021-06-14 07:30:00,7,6,2021,<30min
2021-06-14 17:30:00,2021-06-14 19:00:00,4,2.0,2323.15,1631.79,2119.945,4239.89,1631.79,2323.15,2021-06-14 19:00:00,17,6,2021,1-2h
2021-06-14 20:00:00,2021-06-14 20:00:00,1,0.5,2095.6,2095.6,2095.6,1047.8,2095.6,2095.6,2021-06-14 20:00:00,20,6,2021,<30min
2021-06-15 07:30:00,2021-06-15 07:30:00,1,0.5,1666.67,1666.67,1666.67,833.335,1666.67,1666.67,2021-06-15 07:30:00,7,6,2021,<30min
2021-06-15 08:30:00,2021-06-15 08:30:00,1,0.5,1616.67,1616.67,1616.67,808.335,1616.67,1616.67,2021-06-15 08:30:00,8,6,2021,<30min
2021-06-15 09:30:00,2021-06-15 11:00:00,4,2.0,2759.54,2036.85,2408.84,4817.68,2696.01,2036.85,2021-06-15 10:00:00,9,6,2021,1-2h
2021-06-15 17:00:00,2021-06-15 17:00:00,1,0.5,1622.66,1622.66,1622.66,811.33,1622.66,1622.66,2021-06-15 17:00:00,17,6,2021,<30min
2021-06-15 18:00:00,2021-06-15 19:30:00,4,2.0,2475.57,1663.48,2200.0575,4400.115,1663.48,2475.57,2021-06-15 19:30:00,18,6,2021,1-2h
2021-06-15 21:00:00,2021-06-15 21:00:00,1,0.5,2385.86,2385.86,2385.86,1192.93,2385.86,2385.86,2021-06-15 21:00:00,21,6,2021,<30min
2021-06-16 07:30:00,2021-06-16 07:30:00,1,0.5,1794.16,1794.16,1794.16,897.08,1794.16,1794.16,2021-06-16 07:30:00,7,6,2021,<30min
2021-06-16 19:00:00,2021-06-16 19:00:00,1,0.5,1416.45,1416.45,1416.45,708.225,1416.45,1416.45,2021-06-16 19:00:00,19,6,2021,<30min
2021-06-21 07:30:00,2021-06-21 07:30:00,1,0.5,1534.78,1534.78,1534.78,767.39,1534.78,1534.78,2021-06-21 07:30:00,7,6,2021,<30min
2021-06-21 17:30:00,2021-06-21 18:00:00,2,1.0,2385.49,1495.19,1940.34,1940.34,2385.49,1495.19,2021-06-21 17:30:00,17,6,2021,30min-1h
2021-06-25 16:30:00,2021-06-25 16:30:00,1,0.5,2587.7,2587.7,2587.7,1293.85,2587.7,2587.7,2021-06-25 16:30:00,16,6,2021,<30min
2021-06-28 16:30:00,2021-06-28 16:30:00,1,0.5,2388.16,2388.16,2388.16,1194.08,2388.16,2388.16,2021-06-28 16:30:00,16,6,2021,<30min
2021-07-01 15:30:00,2021-07-01 15:30:00,1,0.5,1600.12,1600.12,1600.12,800.06,1600.12,1600.12,2021-07-01 15:30:00,15,7,2021,<30min
2021-07-03 09:30:00,2021-07-03 09:30:00,1,0.5,2037.19,2037.19,2037.19,1018.595,2037.19,2037.19,2021-07-03 09:30:00,9,7,2021,<30min
2021-07-03 11:00:00,2021-07-03 11:00:00,1,0.5,2703.39,2703.39,2703.39,1351.695,2703.39,2703.39,2021-07-03 11:00:00,11,7,2021,<30min
2021-07-06 18:00:00,2021-07-06 18:00:00,1,0.5,2719.89,2719.89,2719.89,1359.945,2719.89,2719.89,2021-07-06 18:00:00,18,7,2021,<30min
2021-07-11 18:30:00,2021-07-11 19:00:00,2,1.0,2542.01,1864.82,2203.415,2203.415,2542.01,1864.82,2021-07-11 18:30:00,18,7,2021,30min-1h
2021-07-12 18:00:00,2021-07-12 18:00:00,1,0.5,1862.42,1862.42,1862.42,931.21,1862.42,1862.42,2021-07-12 18:00:00,18,7,2021,<30min
2021-07-13 07:30:00,2021-07-13 07:30:00,1,0.5,2760.0,2760.0,2760.0,1380.0,2760.0,2760.0,2021-07-13 07:30:00,7,7,2021,<30min
2021-07-16 18:00:00,2021-07-16 18:00:00,1,0.5,2620.05,2620.05,2620.05,1310.025,2620.05,2620.05,2021-07-16 18:00:00,18,7,2021,<30min
2021-07-19 07:30:00,2021-07-19 07:30:00,1,0.5,2205.41,2205.41,2205.41,1102.705,2205.41,2205.41,2021-07-19 07:30:00,7,7,2021,<30min
2021-07-20 06:30:00,2021-07-20 06:30:00,1,0.5,2334.85,2334.85,2334.85,1167.425,2334.85,2334.85,2021-07-20 06:30:00,6,7,2021,<30min
2021-07-21 18:00:00,2021-07-21 20:30:00,6,3.0,6563.89,1416.46,3995.8566666666666,11987.57,5433.72,1589.61,2021-07-21 18:30:00,18,7,2021,2-4h
2021-07-22 06:30:00,2021-07-22 06:30:00,1,0.5,2685.34,2685.34,2685.34,1342.67,2685.34,2685.34,2021-07-22 06:30:00,6,7,2021,<30min
2021-07-22 07:30:00,2021-07-22 07:30:00,1,0.5,2244.43,2244.43,2244.43,1122.215,2244.43,2244.43,2021-07-22 07:30:00,7,7,2021,<30min
2021-07-22 17:30:00,2021-07-22 17:30:00,1,0.5,2692.31,2692.31,2692.31,1346.155,2692.31,2692.31,2021-07-22 17:30:00,17,7,2021,<30min
2021-07-23 07:30:00,2021-07-23 07:30:00,1,0.5,1863.86,1863.86,1863.86,931.93,1863.86,1863.86,2021-07-23 07:30:00,7,7,2021,<30min
2021-07-26 18:00:00,2021-07-26 18:00:00,1,0.5,2540.26,2540.26,2540.26,1270.13,2540.26,2540.26,2021-07-26 18:00:00,18,7,2021,<30min
2021-09-01 18:00:00,2021-09-01 18:00:00,1,0.5,2576.87,2576.87,2576.87,1288.435,2576.87,2576.87,2021-09-01 18:00:00,18,9,2021,<30min
2021-09-19 16:30:00,2021-09-19 16:30:00,1,0.5,1683.33,1683.33,1683.33,841.665,1683.33,1683.33,2021-09-19 16:30:00,16,9,2021,<30min
2021-09-30 08:00:00,2021-09-30 08:00:00,1,0.5,1683.33,1683.33,1683.33,841.665,1683.33,1683.33,2021-09-30 08:00:00,8,9,2021,<30min
2021-09-30 13:00:00,2021-09-30 13:00:00,1,0.5,1235.16,1235.16,1235.16,617.58,1235.16,1235.16,2021-09-30 13:00:00,13,9,2021,<30min
2021-10-01 10:15:00,2021-10-01 10:15:00,1,0.5,8347.18,8347.18,8347.18,4173.59,8347.18,8347.18,2021-10-01 10:15:00,10,10,2021,<30min
2021-10-04 17:00:00,2021-10-04 17:00:00,1,0.5,15100.0,15100.0,15100.0,7550.0,15100.0,15100.0,2021-10-04 17:00:00,17,10,2021,<30min
2021-10-04 17:30:00,2021-10-04 17:30:00,1,0.5,15100.0,15100.0,15100.0,7550.0,15100.0,15100.0,2021-10-04 17:30:00,17,10,2021,<30min
2021-10-11 14:55:00,2021-10-11 14:55:00,1,0.5,1000.02,1000.02,1000.02,500.01,1000.02,1000.02,2021-10-11 14:55:00,14,10,2021,<30min
2021-10-15 08:10:00,2021-10-15 08:10:00,1,0.5,15100.0,15100.0,15100.0,7550.0,15100.0,15100.0,2021-10-15 08:10:00,8,10,2021,<30min
2021-10-18 13:40:00,2021-10-18 13:40:00,1,0.5,15096.0,15096.0,15096.0,7548.0,15096.0,15096.0,2021-10-18 13:40:00,13,10,2021,<30min
2021-10-20 05:05:00,2021-10-20 05:05:00,1,0.5,15100.0,15100.0,15100.0,7550.0,15100.0,15100.0,2021-10-20 05:05:00,5,10,2021,<30min
2021-10-20 05:30:00,2021-10-20 05:30:00,1,0.5,15100.0,15100.0,15100.0,7550.0,15100.0,15100.0,2021-10-20 05:30:00,5,10,2021,<30min
2021-11-04 18:40:00,2021-11-04 18:40:00,1,0.5,13000.0,13000.0,13000.0,6500.0,13000.0,13000.0,2021-11-04 18:40:00,18,11,2021,<30min
2021-11-08 09:35:00,2021-11-08 09:35:00,1,0.5,15100.0,15100.0,15100.0,7550.0,15100.0,15100.0,2021-11-08 09:35:00,9,11,2021,<30min
2021-11-10 15:50:00,2021-11-10 15:50:00,1,0.5,10235.89,10235.89,10235.89,5117.945,10235.89,10235.89,2021-11-10 15:50:00,15,11,2021,<30min
2021-11-11 11:25:00,2021-11-11 11:25:00,1,0.5,1379.83,1379.83,1379.83,689.915,1379.83,1379.83,2021-11-11 11:25:00,11,11,2021,<30min
2021-11-11 11:55:00,2021-11-11 12:05:00,3,1.5,15100.0,1465.75,9228.746666666666,13843.119999999999,15100.0,1465.75,2021-11-11 11:55:00,11,11,2021,1-2h
2021-11-11 13:35:00,2021-11-11 13:40:00,2,1.0,13495.02,1469.01,7482.015,7482.015,1469.01,13495.02,2021-11-11 13:40:00,13,11,2021,30min-1h
2021-11-11 13:50:00,2021-11-11 14:05:00,4,2.0,13000.0,2854.66,7481.8525,14963.705,13000.0,3000.0,2021-11-11 13:50:00,13,11,2021,1-2h
2021-11-11 14:15:00,2021-11-11 14:35:00,5,2.5,3330.55,1465.75,2145.56,5363.9,3330.55,1465.75,2021-11-11 14:15:00,14,11,2021,2-4h
2021-11-11 14:45:00,2021-11-11 15:00:00,4,2.0,1469.01,1465.75,1468.1950000000002,2936.3900000000003,1465.75,1469.01,2021-11-11 14:50:00,14,11,2021,1-2h
2021-11-11 15:15:00,2021-11-11 15:15:00,1,0.5,1469.01,1469.01,1469.01,734.505,1469.01,1469.01,2021-11-11 15:15:00,15,11,2021,<30min
2021-11-11 17:30:00,2021-11-11 17:30:00,1,0.5,1082.46,1082.46,1082.46,541.23,1082.46,1082.46,2021-11-11 17:30:00,17,11,2021,<30min
2021-11-15 16:25:00,2021-11-15 16:25:00,1,0.5,15100.0,15100.0,15100.0,7550.0,15100.0,15100.0,2021-11-15 16:25:00,16,11,2021,<30min
2021-11-20 22:40:00,2021-11-20 22:40:00,1,0.5,15100.0,15100.0,15100.0,7550.0,15100.0,15100.0,2021-11-20 22:40:00,22,11,2021,<30min
2021-11-21 19:05:00,2021-11-21 19:05:00,1,0.5,5056.93,5056.93,5056.93,2528.465,5056.93,5056.93,2021-11-21 19:05:00,19,11,2021,<30min
2021-11-26 08:00:00,2021-11-26 08:00:00,1,0.5,10703.68,10703.68,10703.68,5351.84,10703.68,10703.68,2021-11-26 08:00:00,8,11,2021,<30min
2021-12-09 16:50:00,2021-12-09 16:50:00,1,0.5,1132.82,1132.82,1132.82,566.41,1132.82,1132.82,2021-12-09 16:50:00,16,12,2021,<30min
2021-12-09 17:55:00,2021-12-09 18:10:00,4,2.0,10177.59,10177.59,10177.59,20355.18,10177.59,10177.59,2021-12-09 17:55:00,17,12,2021,1-2h
2021-12-09 18:25:00,2021-12-09 19:10:00,10,5.0,12898.0,1000.01,10075.955,50379.775,10177.59,1000.01,2021-12-09 18:35:00,18,12,2021,4-8h
2021-12-12 18:40:00,2021-12-12 18:40:00,1,0.5,12890.0,12890.0,12890.0,6445.0,12890.0,12890.0,2021-12-12 18:40:00,18,12,2021,<30min
2021-12-20 16:40:00,2021-12-20 16:40:00,1,0.5,1300.0,1300.0,1300.0,650.0,1300.0,1300.0,2021-12-20 16:40:00,16,12,2021,<30min
2021-12-20 17:00:00,2021-12-20 17:00:00,1,0.5,1300.0,1300.0,1300.0,650.0,1300.0,1300.0,2021-12-20 17:00:00,17,12,2021,<30min
2021-12-20 17:20:00,2021-12-20 19:20:00,25,12.5,13000.0,1001.0,8178.5484,102231.855,1300.0,1300.0,2021-12-20 18:25:00,17,12,2021,8-16h
2021-12-20 21:05:00,2021-12-20 21:05:00,1,0.5,1300.0,1300.0,1300.0,650.0,1300.0,1300.0,2021-12-20 21:05:00,21,12,2021,<30min
2021-12-21 18:35:00,2021-12-21 18:55:00,5,2.5,1300.0,1300.0,1300.0,3250.0,1300.0,1300.0,2021-12-21 18:35:00,18,12,2021,2-4h
2021-12-21 19:05:00,2021-12-21 19:05:00,1,0.5,1300.0,1300.0,1300.0,650.0,1300.0,1300.0,2021-12-21 19:05:00,19,12,2021,<30min
2021-12-23 14:10:00,2021-12-23 14:10:00,1,0.5,5049.73,5049.73,5049.73,2524.865,5049.73,5049.73,2021-12-23 14:10:00,14,12,2021,<30min
2021-12-23 17:50:00,2021-12-23 17:50:00,1,0.5,1300.0,1300.0,1300.0,650.0,1300.0,1300.0,2021-12-23 17:50:00,17,12,2021,<30min
2021-12-23 18:15:00,2021-12-23 18:25:00,3,1.5,10000.0,1300.0,5449.91,8174.865,5049.73,1300.0,2021-12-23 18:20:00,18,12,2021,1-2h
2021-12-23 18:35:00,2021-12-23 18:35:00,1,0.5,1001.0,1001.0,1001.0,500.5,1001.0,1001.0,2021-12-23 18:35:00,18,12,2021,<30min
2021-12-23 18:45:00,2021-12-23 18:45:00,1,0.5,1001.0,1001.0,1001.0,500.5,1001.0,1001.0,2021-12-23 18:45:00,18,12,2021,<30min
2022-01-11 18:40:00,2022-01-11 18:40:00,1,0.5,15100.0,15100.0,15100.0,7550.0,15100.0,15100.0,2022-01-11 18:40:00,18,1,2022,<30min
2022-01-12 18:40:00,2022-01-12 18:40:00,1,0.5,12999.2,12999.2,12999.2,6499.6,12999.2,12999.2,2022-01-12 18:40:00,18,1,2022,<30min
2022-01-14 18:40:00,2022-01-14 18:40:00,1,0.5,15100.0,15100.0,15100.0,7550.0,15100.0,15100.0,2022-01-14 18:40:00,18,1,2022,<30min
2022-01-15 18:35:00,2022-01-15 18:35:00,1,0.5,15100.0,15100.0,15100.0,7550.0,15100.0,15100.0,2022-01-15 18:35:00,18,1,2022,<30min
2022-01-18 18:00:00,2022-01-18 18:00:00,1,0.5,1001.0,1001.0,1001.0,500.5,1001.0,1001.0,2022-01-18 18:00:00,18,1,2022,<30min
2022-01-19 12:55:00,2022-01-19 12:55:00,1,0.5,12999.1,12999.1,12999.1,6499.55,12999.1,12999.1,2022-01-19 12:55:00,12,1,2022,<30min
2022-01-30 18:30:00,2022-01-30 18:40:00,3,1.5,15100.0,1000.01,5700.006666666667,8550.01,1000.01,15100.0,2022-01-30 18:40:00,18,1,2022,1-2h
2022-01-31 17:50:00,2022-01-31 19:10:00,17,8.5,12595.0,1001.02,11613.53,98715.005,12595.0,12595.0,2022-01-31 17:50:00,17,1,2022,8-16h
2022-02-01 14:25:00,2022-02-01 14:30:00,2,1.0,9999.99,9999.99,9999.99,9999.99,9999.99,9999.99,2022-02-01 14:25:00,14,2,2022,30min-1h
2022-02-01 15:30:00,2022-02-01 15:30:00,1,0.5,9102.92,9102.92,9102.92,4551.46,9102.92,9102.92,2022-02-01 15:30:00,15,2,2022,<30min
2022-02-01 17:05:00,2022-02-01 19:05:00,25,12.5,15100.0,12594.0,13997.52,174969.0,12594.0,15100.0,2022-02-01 17:25:00,17,2,2022,8-16h
2022-02-01 19:35:00,2022-02-01 19:40:00,2,1.0,12594.0,10000.0,11297.0,11297.0,12594.0,10000.0,2022-02-01 19:35:00,19,2,2022,30min-1h
2022-02-01 20:05:00,2022-02-01 20:05:00,1,0.5,10000.0,10000.0,10000.0,5000.0,10000.0,10000.0,2022-02-01 20:05:00,20,2,2022,<30min
2022-02-02 14:30:00,2022-02-02 14:30:00,1,0.5,9898.98,9898.98,9898.98,4949.49,9898.98,9898.98,2022-02-02 14:30:00,14,2,2022,<30min
2022-02-02 18:25:00,2022-02-02 18:25:00,1,0.5,9977.0,9977.0,9977.0,4988.5,9977.0,9977.0,2022-02-02 18:25:00,18,2,2022,<30min
2022-02-02 18:35:00,2022-02-02 18:35:00,1,0.5,9999.0,9999.0,9999.0,4999.5,9999.0,9999.0,2022-02-02 18:35:00,18,2,2022,<30min
2022-02-02 18:50:00,2022-02-02 18:50:00,1,0.5,9898.98,9898.98,9898.98,4949.49,9898.98,9898.98,2022-02-02 18:50:00,18,2,2022,<30min
2022-02-02 20:10:00,2022-02-02 20:10:00,1,0.5,9999.0,9999.0,9999.0,4999.5,9999.0,9999.0,2022-02-02 20:10:00,20,2,2022,<30min
2022-02-03 14:00:00,2022-02-03 14:00:00,1,0.5,9949.0,9949.0,9949.0,4974.5,9949.0,9949.0,2022-02-03 14:00:00,14,2,2022,<30min
2022-02-03 15:00:00,2022-02-03 15:05:00,2,1.0,9949.0,9949.0,9949.0,9949.0,9949.0,9949.0,2022-02-03 15:00:00,15,2,2022,30min-1h
2022-02-21 14:05:00,2022-02-21 14:05:00,1,0.5,14860.87,14860.87,14860.87,7430.435,14860.87,14860.87,2022-02-21 14:05:00,14,2,2022,<30min
2022-02-28 18:40:00,2022-02-28 18:40:00,1,0.5,15100.0,15100.0,15100.0,7550.0,15100.0,15100.0,2022-02-28 18:40:00,18,2,2022,<30min
2022-03-07 18:40:00,2022-03-07 18:40:00,1,0.5,1000.75,1000.75,1000.75,500.375,1000.75,1000.75,2022-03-07 18:40:00,18,3,2022,<30min
2022-03-08 17:30:00,2022-03-08 19:50:00,29,14.5,15100.0,1001.01,10602.26103448276,153732.78500000003,1190.63,1001.01,2022-03-08 18:00:00,17,3,2022,8-16h
2022-03-08 20:05:00,2022-03-08 20:15:00,3,1.5,9797.97,8679.33,9425.089999999998,14137.634999999998,9797.97,8679.33,2022-03-08 20:05:00,20,3,2022,1-2h
2022-03-09 03:15:00,2022-03-09 03:20:00,2,1.0,15100.0,15100.0,15100.0,15100.0,15100.0,15100.0,2022-03-09 03:15:00,3,3,2022,30min-1h
2022-03-09 18:35:00,2022-03-09 18:40:00,2,1.0,8800.0,8679.33,8739.665,8739.665,8800.0,8679.33,2022-03-09 18:35:00,18,3,2022,30min-1h
2022-03-31 17:25:00,2022-03-31 17:25:00,1,0.5,15100.0,15100.0,15100.0,7550.0,15100.0,15100.0,2022-03-31 17:25:00,17,3,2022,<30min
2022-03-31 18:00:00,2022-03-31 18:00:00,1,0.5,1000.02,1000.02,1000.02,500.01,1000.02,1000.02,2022-03-31 18:00:00,18,3,2022,<30min
2022-04-01 17:55:00,2022-04-01 18:10:00,4,2.0,1000.01,1000.01,1000.01,2000.02,1000.01,1000.01,2022-04-01 17:55:00,17,4,2022,1-2h
2022-04-03 16:35:00,2022-04-03 16:35:00,1,0.5,1000.02,1000.02,1000.02,500.01,1000.02,1000.02,2022-04-03 16:35:00,16,4,2022,<30min
2022-04-03 18:10:00,2022-04-03 18:15:00,2,1.0,10000.0,1128.0,5564.0,5564.0,1128.0,10000.0,2022-04-03 18:15:00,18,4,2022,30min-1h
2022-04-03 21:20:00,2022-04-03 21:20:00,1,0.5,1128.0,1128.0,1128.0,564.0,1128.0,1128.0,2022-04-03 21:20:00,21,4,2022,<30min
2022-04-03 22:15:00,2022-04-03 22:40:00,6,3.0,1128.0,1128.0,1128.0,3384.0,1128.0,1128.0,2022-04-03 22:15:00,22,4,2022,2-4h
2022-04-04 16:40:00,2022-04-04 17:00:00,5,2.5,13200.0,1050.2,3480.1600000000008,8700.400000000001,1050.2,1050.2,2022-04-04 16:45:00,16,4,2022,2-4h
2022-04-04 17:25:00,2022-04-04 17:45:00,5,2.5,9500.0,1050.2,2801.6600000000003,7004.150000000001,9500.0,1187.57,2022-04-04 17:25:00,17,4,2022,2-4h
2022-04-04 18:15:00,2022-04-04 18:25:00,3,1.5,1001.02,1001.02,1001.02,1501.53,1001.02,1001.02,2022-04-04 18:15:00,18,4,2022,1-2h
2022-04-04 18:35:00,2022-04-04 18:45:00,3,1.5,1001.03,1001.02,1001.0266666666666,1501.54,1001.02,1001.03,2022-04-04 18:40:00,18,4,2022,1-2h
2022-04-05 16:50:00,2022-04-05 17:10:00,5,2.5,1159.66,1130.2,1146.3899999999999,2865.975,1138.34,1152.25,2022-04-05 17:05:00,16,4,2022,2-4h
2022-04-05 17:35:00,2022-04-05 17:40:00,2,1.0,1130.2,1130.2,1130.2,1130.2,1130.2,1130.2,2022-04-05 17:35:00,17,4,2022,30min-1h
2022-04-05 18:00:00,2022-04-05 18:00:00,1,0.5,1001.03,1001.03,1001.03,500.515,1001.03,1001.03,2022-04-05 18:00:00,18,4,2022,<30min
2022-04-06 17:00:00,2022-04-06 17:00:00,1,0.5,1201.0,1201.0,1201.0,600.5,1201.0,1201.0,2022-04-06 17:00:00,17,4,2022,<30min
2022-04-07 16:50:00,2022-04-07 16:50:00,1,0.5,1000.01,1000.01,1000.01,500.005,1000.01,1000.01,2022-04-07 16:50:00,16,4,2022,<30min
2022-04-07 17:00:00,2022-04-07 17:00:00,1,0.5,1005.03,1005.03,1005.03,502.515,1005.03,1005.03,2022-04-07 17:00:00,17,4,2022,<30min
2022-04-07 17:30:00,2022-04-07 17:30:00,1,0.5,1001.02,1001.02,1001.02,500.51,1001.02,1001.02,2022-04-07 17:30:00,17,4,2022,<30min
2022-04-07 17:50:00,2022-04-07 18:00:00,3,1.5,1159.66,1004.43,1104.7366666666667,1657.105,1004.43,1159.66,2022-04-07 18:00:00,17,4,2022,1-2h
2022-04-10 17:35:00,2022-04-10 17:35:00,1,0.5,1005.03,1005.03,1005.03,502.515,1005.03,1005.03,2022-04-10 17:35:00,17,4,2022,<30min
2022-04-10 18:05:00,2022-04-10 18:05:00,1,0.5,1001.02,1001.02,1001.02,500.51,1001.02,1001.02,2022-04-10 18:05:00,18,4,2022,<30min
2022-04-11 17:55:00,2022-04-11 18:00:00,2,1.0,1130.2,1000.01,1065.105,1065.105,1000.01,1130.2,2022-04-11 18:00:00,17,4,2022,30min-1h
2022-04-12 17:00:00,2022-04-12 17:00:00,1,0.5,1151.76,1151.76,1151.76,575.88,1151.76,1151.76,2022-04-12 17:00:00,17,4,2022,<30min
2022-04-12 17:45:00,2022-04-12 17:50:00,2,1.0,1130.2,1130.2,1130.2,1130.2,1130.2,1130.2,2022-04-12 17:45:00,17,4,2022,30min-1h
2022-04-20 17:20:00,2022-04-20 17:25:00,2,1.0,1025.02,1010.98,1018.0,1018.0,1025.02,1010.98,2022-04-20 17:20:00,17,4,2022,30min-1h
2022-04-20 17:55:00,2022-04-20 18:40:00,10,5.0,13200.0,1000.01,4748.493,23742.465,1202.0,1130.31,2022-04-20 18:05:00,17,4,2022,4-8h
2022-04-27 17:45:00,2022-04-27 18:00:00,4,2.0,1201.0,1044.0,1161.75,2323.5,1201.0,1044.0,2022-04-27 17:45:00,17,4,2022,1-2h
2022-04-28 17:25:00,2022-04-28 18:05:00,9,4.5,13200.0,1005.99,10933.99888888889,49202.995,5000.0,1005.99,2022-04-28 17:30:00,17,4,2022,4-8h
2022-04-28 18:15:00,2022-04-28 18:15:00,1,0.5,1006.11,1006.11,1006.11,503.055,1006.11,1006.11,2022-04-28 18:15:00,18,4,2022,<30min
2022-04-28 18:25:00,2022-04-28 18:25:00,1,0.5,1001.94,1001.94,1001.94,500.97,1001.94,1001.94,2022-04-28 18:25:00,18,4,2022,<30min
2022-04-28 18:35:00,2022-04-28 18:50:00,4,2.0,13200.0,1003.71,5052.465,10104.93,5000.0,1003.71,2022-04-28 18:40:00,18,4,2022,1-2h
2022-05-02 18:20:00,2022-05-02 18:20:00,1,0.5,15100.0,15100.0,15100.0,7550.0,15100.0,15100.0,2022-05-02 18:20:00,18,5,2022,<30min
2022-05-03 06:40:00,2022-05-03 06:40:00,1,0.5,1020.24,1020.24,1020.24,510.12,1020.24,1020.24,2022-05-03 06:40:00,6,5,2022,<30min
2022-05-03 15:55:00,2022-05-03 15:55:00,1,0.5,1018.73,1018.73,1018.73,509.365,1018.73,1018.73,2022-05-03 15:55:00,15,5,2022,<30min
2022-05-03 17:00:00,2022-05-03 17:00:00,1,0.5,1024.52,1024.52,1024.52,512.26,1024.52,1024.52,2022-05-03 17:00:00,17,5,2022,<30min
2022-05-03 17:25:00,2022-05-03 18:20:00,12,6.0,15100.0,1056.2,11898.475833333332,71390.855,13199.95,13000.7,2022-05-03 17:35:00,17,5,2022,4-8h
2022-05-03 18:30:00,2022-05-03 18:35:00,2,1.0,9797.97,9695.66,9746.814999999999,9746.814999999999,9797.97,9695.66,2022-05-03 18:30:00,18,5,2022,30min-1h
2022-05-04 17:30:00,2022-05-04 18:45:00,16,8.0,10999.66,1018.73,4490.155000000001,35921.240000000005,1018.73,1201.0,2022-05-04 17:50:00,17,5,2022,4-8h
2022-05-05 14:35:00,2022-05-05 14:35:00,1,0.5,1004.73,1004.73,1004.73,502.365,1004.73,1004.73,2022-05-05 14:35:00,14,5,2022,<30min
2022-05-05 16:55:00,2022-05-05 17:00:00,2,1.0,12111.66,1000.01,6555.835,6555.835,12111.66,1000.01,2022-05-05 16:55:00,16,5,2022,30min-1h
2022-05-05 17:10:00,2022-05-05 17:10:00,1,0.5,1025.8,1025.8,1025.8,512.9,1025.8,1025.8,2022-05-05 17:10:00,17,5,2022,<30min
2022-05-05 17:30:00,2022-05-05 18:00:00,7,3.5,12211.66,1201.0,8700.522857142858,30451.83,1201.0,9498.5,2022-05-05 17:50:00,17,5,2022,2-4h
2022-05-05 18:15:00,2022-05-05 18:15:00,1,0.5,1039.12,1039.12,1039.12,519.56,1039.12,1039.12,2022-05-05 18:15:00,18,5,2022,<30min
2022-05-05 18:25:00,2022-05-05 18:40:00,4,2.0,9498.5,1032.72,3233.3050000000003,6466.610000000001,1201.0,9498.5,2022-05-05 18:40:00,18,5,2022,1-2h
2022-05-06 06:50:00,2022-05-06 06:50:00,1,0.5,15100.0,15100.0,15100.0,7550.0,15100.0,15100.0,2022-05-06 06:50:00,6,5,2022,<30min
2022-05-06 15:45:00,2022-05-06 15:50:00,2,1.0,1201.0,1130.2,1165.6,1165.6,1201.0,1130.2,2022-05-06 15:45:00,15,5,2022,30min-1h
2022-05-06 17:30:00,2022-05-06 17:30:00,1,0.5,1031.78,1031.78,1031.78,515.89,1031.78,1031.78,2022-05-06 17:30:00,17,5,2022,<30min
2022-05-06 17:45:00,2022-05-06 17:45:00,1,0.5,1201.0,1201.0,1201.0,600.5,1201.0,1201.0,2022-05-06 17:45:00,17,5,2022,<30min
2022-05-06 17:55:00,2022-05-06 17:55:00,1,0.5,9500.0,9500.0,9500.0,4750.0,9500.0,9500.0,2022-05-06 17:55:00,17,5,2022,<30min
2022-05-09 09:15:00,2022-05-09 09:30:00,4,2.0,1144.99,1009.68,1103.7675,2207.535,1130.2,1130.2,2022-05-09 09:25:00,9,5,2022,1-2h
2022-05-09 16:55:00,2022-05-09 16:55:00,1,0.5,1226.2,1226.2,1226.2,613.1,1226.2,1226.2,2022-05-09 16:55:00,16,5,2022,<30min
2022-05-09 17:25:00,2022-05-09 17:45:00,5,2.5,4668.05,1201.0,2065.2079999999996,5163.0199999999995,1201.0,2054.99,2022-05-09 17:40:00,17,5,2022,2-4h
2022-05-09 18:00:00,2022-05-09 18:00:00,1,0.5,1201.0,1201.0,1201.0,600.5,1201.0,1201.0,2022-05-09 18:00:00,18,5,2022,<30min
2022-05-09 18:35:00,2022-05-09 18:35:00,1,0.5,1202.0,1202.0,1202.0,601.0,1202.0,1202.0,2022-05-09 18:35:00,18,5,2022,<30min
2022-05-10 17:45:00,2022-05-10 17:45:00,1,0.5,1124.0,1124.0,1124.0,562.0,1124.0,1124.0,2022-05-10 17:45:00,17,5,2022,<30min
2022-05-11 08:05:00,2022-05-11 08:05:00,1,0.5,1124.0,1124.0,1124.0,562.0,1124.0,1124.0,2022-05-11 08:05:00,8,5,2022,<30min
2022-05-11 14:50:00,2022-05-11 14:50:00,1,0.5,1124.0,1124.0,1124.0,562.0,1124.0,1124.0,2022-05-11 14:50:00,14,5,2022,<30min
2022-05-11 15:45:00,2022-05-11 15:45:00,1,0.5,1124.0,1124.0,1124.0,562.0,1124.0,1124.0,2022-05-11 15:45:00,15,5,2022,<30min
2022-05-11 15:55:00,2022-05-11 15:55:00,1,0.5,1124.0,1124.0,1124.0,562.0,1124.0,1124.0,2022-05-11 15:55:00,15,5,2022,<30min
2022-05-15 16:50:00,2022-05-15 17:10:00,5,2.5,9500.0,1000.01,7678.802000000001,19197.005,1000.01,8894.0,2022-05-15 16:55:00,16,5,2022,2-4h
2022-05-15 17:25:00,2022-05-15 17:25:00,1,0.5,1001.15,1001.15,1001.15,500.575,1001.15,1001.15,2022-05-15 17:25:00,17,5,2022,<30min
2022-05-15 17:40:00,2022-05-15 18:05:00,6,3.0,8894.0,1087.58,7592.93,22778.79,8894.0,8894.0,2022-05-15 17:40:00,17,5,2022,2-4h
2022-05-16 14:40:00,2022-05-16 14:40:00,1,0.5,1001.04,1001.04,1001.04,500.52,1001.04,1001.04,2022-05-16 14:40:00,14,5,2022,<30min
2022-05-16 17:00:00,2022-05-16 17:00:00,1,0.5,1202.0,1202.0,1202.0,601.0,1202.0,1202.0,2022-05-16 17:00:00,17,5,2022,<30min
2022-05-16 17:30:00,2022-05-16 18:05:00,8,4.0,13200.0,1000.01,3722.5225,14890.09,1000.01,1230.21,2022-05-16 17:55:00,17,5,2022,2-4h
2022-05-16 18:15:00,2022-05-16 18:15:00,1,0.5,1201.0,1201.0,1201.0,600.5,1201.0,1201.0,2022-05-16 18:15:00,18,5,2022,<30min
2022-05-16 18:25:00,2022-05-16 18:25:00,1,0.5,1000.01,1000.01,1000.01,500.005,1000.01,1000.01,2022-05-16 18:25:00,18,5,2022,<30min
2022-05-16 18:35:00,2022-05-16 18:40:00,2,1.0,1002.97,1000.01,1001.49,1001.49,1002.97,1000.01,2022-05-16 18:35:00,18,5,2022,30min-1h
2022-05-23 17:25:00,2022-05-23 17:30:00,2,1.0,1260.0,1000.01,1130.005,1130.005,1000.01,1260.0,2022-05-23 17:30:00,17,5,2022,30min-1h
2022-05-27 17:30:00,2022-05-27 17:30:00,1,0.5,1037.06,1037.06,1037.06,518.53,1037.06,1037.06,2022-05-27 17:30:00,17,5,2022,<30min
2022-05-30 16:55:00,2022-05-30 18:00:00,14,7.0,9500.0,1260.0,2284.0535714285716,15988.375,1260.0,1260.0,2022-05-30 17:10:00,16,5,2022,4-8h
2022-05-31 17:25:00,2022-05-31 17:30:00,2,1.0,1260.0,1000.02,1130.01,1130.01,1000.02,1260.0,2022-05-31 17:30:00,17,5,2022,30min-1h
2022-06-01 17:15:00,2022-06-01 17:15:00,1,0.5,1042.19,1042.19,1042.19,521.095,1042.19,1042.19,2022-06-01 17:15:00,17,6,2022,<30min
2022-06-01 17:45:00,2022-06-01 17:45:00,1,0.5,1001.74,1001.74,1001.74,500.87,1001.74,1001.74,2022-06-01 17:45:00,17,6,2022,<30min
2022-06-01 20:20:00,2022-06-01 20:25:00,2,1.0,1039.79,1039.68,1039.7350000000001,1039.7350000000001,1039.79,1039.68,2022-06-01 20:20:00,20,6,2022,30min-1h
2022-06-02 06:40:00,2022-06-02 06:40:00,1,0.5,1058.43,1058.43,1058.43,529.215,1058.43,1058.43,2022-06-02 06:40:00,6,6,2022,<30min
2022-06-02 07:00:00,2022-06-02 07:00:00,1,0.5,1260.0,1260.0,1260.0,630.0,1260.0,1260.0,2022-06-02 07:00:00,7,6,2022,<30min
2022-06-02 07:10:00,2022-06-02 07:25:00,4,2.0,1260.0,1062.58,1124.6075,2249.215,1260.0,1062.58,2022-06-02 07:10:00,7,6,2022,1-2h
2022-06-02 16:55:00,2022-06-02 17:00:00,2,1.0,1149.91,1021.25,1085.58,1085.58,1021.25,1149.91,2022-06-02 17:00:00,16,6,2022,30min-1h
2022-06-02 17:10:00,2022-06-02 18:10:00,13,6.5,4472.33,1039.53,2310.105384615385,15015.685000000001,1039.53,1260.0,2022-06-02 17:45:00,17,6,2022,4-8h
2022-06-02 18:20:00,2022-06-02 18:20:00,1,0.5,1026.35,1026.35,1026.35,513.175,1026.35,1026.35,2022-06-02 18:20:00,18,6,2022,<30min
2022-06-02 20:10:00,2022-06-02 20:25:00,4,2.0,1045.29,1009.36,1028.9375,2057.875,1045.29,1023.14,2022-06-02 20:10:00,20,6,2022,1-2h
2022-06-03 07:20:00,2022-06-03 07:35:00,4,2.0,1260.0,1051.48,1133.765,2267.53,1260.0,1171.64,2022-06-03 07:20:00,7,6,2022,1-2h
2022-06-03 16:40:00,2022-06-03 16:40:00,1,0.5,1023.15,1023.15,1023.15,511.575,1023.15,1023.15,2022-06-03 16:40:00,16,6,2022,<30min
2022-06-03 17:10:00,2022-06-03 17:20:00,3,1.5,1288.63,1009.81,1186.1466666666668,1779.22,1009.81,1288.63,2022-06-03 17:20:00,17,6,2022,1-2h
2022-06-06 18:40:00,2022-06-06 18:40:00,1,0.5,1000.01,1000.01,1000.01,500.005,1000.01,1000.01,2022-06-06 18:40:00,18,6,2022,<30min
2022-06-07 06:50:00,2022-06-07 07:50:00,13,6.5,13200.0,1235.94,4819.985384615385,31329.905,1260.0,1260.0,2022-06-07 07:15:00,6,6,2022,4-8h
2022-06-07 09:25:00,2022-06-07 09:25:00,1,0.5,1260.0,1260.0,1260.0,630.0,1260.0,1260.0,2022-06-07 09:25:00,9,6,2022,<30min
2022-06-07 17:25:00,2022-06-07 17:30:00,2,1.0,10005.32,1297.73,5651.525,5651.525,1297.73,10005.32,2022-06-07 17:30:00,17,6,2022,30min-1h
2022-06-07 17:40:00,2022-06-07 17:50:00,3,1.5,2544.68,1260.0,1700.8033333333333,2551.205,1297.73,1260.0,2022-06-07 17:45:00,17,6,2022,1-2h
2022-06-07 18:00:00,2022-06-07 18:00:00,1,0.5,1276.05,1276.05,1276.05,638.025,1276.05,1276.05,2022-06-07 18:00:00,18,6,2022,<30min
2022-06-07 18:10:00,2022-06-07 18:20:00,3,1.5,1297.73,1260.0,1272.5766666666666,1908.865,1297.73,1260.0,2022-06-07 18:10:00,18,6,2022,1-2h
2022-06-07 18:35:00,2022-06-07 18:40:00,2,1.0,1260.0,1260.0,1260.0,1260.0,1260.0,1260.0,2022-06-07 18:35:00,18,6,2022,30min-1h
2022-06-08 07:10:00,2022-06-08 07:10:00,1,0.5,1228.15,1228.15,1228.15,614.075,1228.15,1228.15,2022-06-08 07:10:00,7,6,2022,<30min
2022-06-08 17:25:00,2022-06-08 18:10:00,10,5.0,13198.0,1000.02,7532.201000000001,37661.005000000005,1477.69,1000.02,2022-06-08 17:50:00,17,6,2022,4-8h
2022-06-08 18:25:00,2022-06-08 18:30:00,2,1.0,1000.02,1000.01,1000.015,1000.015,1000.01,1000.02,2022-06-08 18:30:00,18,6,2022,30min-1h
2022-06-08 18:45:00,2022-06-08 18:45:00,1,0.5,1000.02,1000.02,1000.02,500.01,1000.02,1000.02,2022-06-08 18:45:00,18,6,2022,<30min
2022-06-09 06:40:00,2022-06-09 07:35:00,12,6.0,15100.0,1262.69,11284.381666666666,67706.29,1746.82,13198.0,2022-06-09 07:05:00,6,6,2022,4-8h
2022-06-09 17:45:00,2022-06-09 17:45:00,1,0.5,1260.0,1260.0,1260.0,630.0,1260.0,1260.0,2022-06-09 17:45:00,17,6,2022,<30min
2022-06-09 18:15:00,2022-06-09 18:15:00,1,0.5,1289.61,1289.61,1289.61,644.805,1289.61,1289.61,2022-06-09 18:15:00,18,6,2022,<30min
2022-06-09 18:40:00,2022-06-09 18:40:00,1,0.5,1004.04,1004.04,1004.04,502.02,1004.04,1004.04,2022-06-09 18:40:00,18,6,2022,<30min
2022-06-10 06:40:00,2022-06-10 07:10:00,7,3.5,1297.73,1000.01,1201.4542857142858,4205.09,1260.0,1000.01,2022-06-10 06:45:00,6,6,2022,2-4h
2022-06-10 17:10:00,2022-06-10 21:05:00,48,24.0,15100.0,1000.01,3409.625833333333,81831.01999999999,1005.6,1081.47,2022-06-10 17:50:00,17,6,2022,16-24h
2022-06-10 22:05:00,2022-06-10 22:55:00,11,5.5,1069.46,1027.52,1050.7836363636363,5779.3099999999995,1052.19,1028.0,2022-06-10 22:45:00,22,6,2022,4-8h
2022-06-10 23:05:00,2022-06-10 23:05:00,1,0.5,1017.86,1017.86,1017.86,508.93,1017.86,1017.86,2022-06-10 23:05:00,23,6,2022,<30min
2022-06-11 16:45:00,2022-06-11 16:50:00,2,1.0,1266.5,1000.01,1133.255,1133.255,1266.5,1000.01,2022-06-11 16:45:00,16,6,2022,30min-1h
2022-06-12 17:10:00,2022-06-12 17:10:00,1,0.5,1000.01,1000.01,1000.01,500.005,1000.01,1000.01,2022-06-12 17:10:00,17,6,2022,<30min
2022-06-12 17:20:00,2022-06-12 18:50:00,19,9.5,13200.0,1260.0,8664.973684210529,82317.25000000001,1260.0,9500.0,2022-06-12 17:45:00,17,6,2022,8-16h
2022-06-23 07:10:00,2022-06-23 07:10:00,1,0.5,1260.0,1260.0,1260.0,630.0,1260.0,1260.0,2022-06-23 07:10:00,7,6,2022,<30min
2022-07-01 14:10:00,2022-07-01 14:10:00,1,0.5,1005.11,1005.11,1005.11,502.555,1005.11,1005.11,2022-07-01 14:10:00,14,7,2022,<30min
2022-07-01 15:10:00,2022-07-01 15:10:00,1,0.5,1201.0,1201.0,1201.0,600.5,1201.0,1201.0,2022-07-01 15:10:00,15,7,2022,<30min
2022-07-01 15:20:00,2022-07-01 15:20:00,1,0.5,1002.45,1002.45,1002.45,501.225,1002.45,1002.45,2022-07-01 15:20:00,15,7,2022,<30min
2022-07-04 07:35:00,2022-07-04 07:40:00,2,1.0,1201.0,1201.0,1201.0,1201.0,1201.0,1201.0,2022-07-04 07:35:00,7,7,2022,30min-1h
2022-07-04 08:05:00,2022-07-04 08:15:00,3,1.5,1201.0,1201.0,1201.0,1801.5,1201.0,1201.0,2022-07-04 08:05:00,8,7,2022,1-2h
2022-07-04 08:30:00,2022-07-04 08:30:00,1,0.5,1640.8,1640.8,1640.8,820.4,1640.8,1640.8,2022-07-04 08:30:00,8,7,2022,<30min
2022-07-04 09:05:00,2022-07-04 09:35:00,7,3.5,1340.69,1201.0,1263.0228571428572,4420.58,1201.0,1302.0,2022-07-04 09:15:00,9,7,2022,2-4h
2022-07-04 10:15:00,2022-07-04 11:00:00,10,5.0,9500.0,1201.0,2596.552,12982.76,1201.0,1260.0,2022-07-04 10:40:00,10,7,2022,4-8h
2022-07-04 11:20:00,2022-07-04 18:50:00,91,45.5,15500.0,1201.0,3919.885604395605,178354.795,1260.0,1201.0,2022-07-04 17:20:00,11,7,2022,>24h
2022-07-04 19:50:00,2022-07-04 19:55:00,2,1.0,1201.0,1047.0,1124.0,1124.0,1047.0,1201.0,2022-07-04 19:55:00,19,7,2022,30min-1h
2022-07-04 20:05:00,2022-07-04 20:15:00,3,1.5,1299.13,1201.0,1233.71,1850.565,1299.13,1201.0,2022-07-04 20:05:00,20,7,2022,1-2h
2022-07-04 20:40:00,2022-07-04 21:15:00,8,4.0,1298.7,1201.0,1213.2125,4852.85,1201.0,1201.0,2022-07-04 20:50:00,20,7,2022,2-4h
2022-07-04 22:05:00,2022-07-04 22:05:00,1,0.5,1201.0,1201.0,1201.0,600.5,1201.0,1201.0,2022-07-04 22:05:00,22,7,2022,<30min
2022-07-05 00:40:00,2022-07-05 00:45:00,2,1.0,1260.0,1249.87,1254.935,1254.935,1260.0,1249.87,2022-07-05 00:40:00,0,7,2022,30min-1h
2022-07-05 06:25:00,2022-07-05 06:25:00,1,0.5,1013.81,1013.81,1013.81,506.905,1013.81,1013.81,2022-07-05 06:25:00,6,7,2022,<30min
2022-07-05 06:55:00,2022-07-05 06:55:00,1,0.5,1040.81,1040.81,1040.81,520.405,1040.81,1040.81,2022-07-05 06:55:00,6,7,2022,<30min
2022-07-05 07:05:00,2022-07-05 09:45:00,33,16.5,15500.0,1006.99,5022.836666666666,82876.805,1201.0,1259.75,2022-07-05 08:25:00,7,7,2022,16-24h
2022-07-05 09:55:00,2022-07-05 10:20:00,6,3.0,1263.0,1000.39,1213.7716666666665,3641.3149999999996,1000.39,1249.87,2022-07-05 10:05:00,9,7,2022,2-4h
2022-07-05 14:05:00,2022-07-05 14:05:00,1,0.5,1249.87,1249.87,1249.87,624.935,1249.87,1249.87,2022-07-05 14:05:00,14,7,2022,<30min
2022-07-05 14:40:00,2022-07-05 14:50:00,3,1.5,1268.57,1258.17,1264.0166666666667,1896.0249999999999,1258.17,1265.31,2022-07-05 14:45:00,14,7,2022,1-2h
2022-07-05 15:10:00,2022-07-05 15:30:00,5,2.5,4999.99,1249.87,2015.6939999999995,5039.234999999999,1249.87,1249.87,2022-07-05 15:25:00,15,7,2022,2-4h
2022-07-05 16:55:00,2022-07-05 16:55:00,1,0.5,1903.42,1903.42,1903.42,951.71,1903.42,1903.42,2022-07-05 16:55:00,16,7,2022,<30min
2022-07-05 18:35:00,2022-07-05 18:35:00,1,0.5,1916.91,1916.91,1916.91,958.455,1916.91,1916.91,2022-07-05 18:35:00,18,7,2022,<30min
2022-07-06 07:05:00,2022-07-06 07:10:00,2,1.0,1201.0,1201.0,1201.0,1201.0,1201.0,1201.0,2022-07-06 07:05:00,7,7,2022,30min-1h
2022-07-08 20:05:00,2022-07-08 20:15:00,3,1.5,1995.29,1918.27,1966.8633333333335,2950.295,1918.27,1995.29,2022-07-08 20:15:00,20,7,2022,1-2h
2022-07-08 20:25:00,2022-07-08 20:25:00,1,0.5,2007.44,2007.44,2007.44,1003.72,2007.44,2007.44,2022-07-08 20:25:00,20,7,2022,<30min
2022-07-11 07:25:00,2022-07-11 07:30:00,2,1.0,1041.95,1007.56,1024.755,1024.755,1041.95,1007.56,2022-07-11 07:25:00,7,7,2022,30min-1h
2022-07-11 17:25:00,2022-07-11 17:30:00,2,1.0,1103.61,1026.43,1065.02,1065.02,1103.61,1026.43,2022-07-11 17:25:00,17,7,2022,30min-1h
2022-07-11 17:40:00,2022-07-11 18:00:00,5,2.5,1127.19,1029.39,1072.4160000000002,2681.0400000000004,1086.05,1040.62,2022-07-11 17:55:00,17,7,2022,2-4h
2022-07-12 07:00:00,2022-07-12 07:00:00,1,0.5,1202.0,1202.0,1202.0,601.0,1202.0,1202.0,2022-07-12 07:00:00,7,7,2022,<30min
2022-07-12 07:10:00,2022-07-12 07:35:00,6,3.0,1229.43,1074.66,1185.3483333333334,3556.045,1202.0,1074.66,2022-07-12 07:15:00,7,7,2022,2-4h
2022-07-12 17:00:00,2022-07-12 18:50:00,23,11.5,1395.0,1002.24,1228.3165217391306,14125.640000000003,1201.0,1201.0,2022-07-12 18:05:00,17,7,2022,8-16h
2022-07-14 17:25:00,2022-07-14 17:30:00,2,1.0,13757.71,1978.74,7868.224999999999,7868.224999999999,1978.74,13757.71,2022-07-14 17:30:00,17,7,2022,30min-1h
2022-07-14 17:40:00,2022-07-14 17:40:00,1,0.5,12319.48,12319.48,12319.48,6159.74,12319.48,12319.48,2022-07-14 17:40:00,17,7,2022,<30min
2022-07-14 17:50:00,2022-07-14 18:00:00,3,1.5,1259.75,1026.82,1118.8566666666666,1678.2849999999999,1259.75,1070.0,2022-07-14 17:50:00,17,7,2022,1-2h
2022-07-14 20:10:00,2022-07-14 20:10:00,1,0.5,1127.99,1127.99,1127.99,563.995,1127.99,1127.99,2022-07-14 20:10:00,20,7,2022,<30min
2022-07-15 07:00:00,2022-07-15 07:00:00,1,0.5,1260.0,1260.0,1260.0,630.0,1260.0,1260.0,2022-07-15 07:00:00,7,7,2022,<30min
2022-07-15 07:20:00,2022-07-15 07:20:00,1,0.5,1085.74,1085.74,1085.74,542.87,1085.74,1085.74,2022-07-15 07:20:00,7,7,2022,<30min
2022-08-15 20:20:00,2022-08-15 20:20:00,1,0.5,15500.0,15500.0,15500.0,7750.0,15500.0,15500.0,2022-08-15 20:20:00,20,8,2022,<30min
2022-09-03 08:50:00,2022-09-03 08:50:00,1,0.5,1005.4,1005.4,1005.4,502.7,1005.4,1005.4,2022-09-03 08:50:00,8,9,2022,<30min
2022-09-12 23:20:00,2022-09-12 23:20:00,1,0.5,15500.0,15500.0,15500.0,7750.0,15500.0,15500.0,2022-09-12 23:20:00,23,9,2022,<30min
2022-10-05 17:20:00,2022-10-05 17:20:00,1,0.5,1201.0,1201.0,1201.0,600.5,1201.0,1201.0,2022-10-05 17:20:00,17,10,2022,<30min
2022-10-28 17:30:00,2022-10-28 17:30:00,1,0.5,15500.0,15500.0,15500.0,7750.0,15500.0,15500.0,2022-10-28 17:30:00,17,10,2022,<30min
2022-10-31 12:00:00,2022-10-31 12:00:00,1,0.5,5392.82,5392.82,5392.82,2696.41,5392.82,5392.82,2022-10-31 12:00:00,12,10,2022,<30min
2022-10-31 17:30:00,2022-10-31 17:30:00,1,0.5,12999.15,12999.15,12999.15,6499.575,12999.15,12999.15,2022-10-31 17:30:00,17,10,2022,<30min
2022-11-01 09:15:00,2022-11-01 09:15:00,1,0.5,12999.15,12999.15,12999.15,6499.575,12999.15,12999.15,2022-11-01 09:15:00,9,11,2022,<30min
2022-11-02 17:35:00,2022-11-02 17:35:00,1,0.5,15125.3,15125.3,15125.3,7562.65,15125.3,15125.3,2022-11-02 17:35:00,17,11,2022,<30min
2022-11-20 16:10:00,2022-11-20 16:10:00,1,0.5,15500.0,15500.0,15500.0,7750.0,15500.0,15500.0,2022-11-20 16:10:00,16,11,2022,<30min
2022-11-20 18:00:00,2022-11-20 18:00:00,1,0.5,1297.0,1297.0,1297.0,648.5,1297.0,1297.0,2022-11-20 18:00:00,18,11,2022,<30min
2022-12-06 18:00:00,2022-12-06 18:05:00,2,1.0,1250.0,1250.0,1250.0,1250.0,1250.0,1250.0,2022-12-06 18:00:00,18,12,2022,30min-1h
2023-01-13 16:25:00,2023-01-13 16:25:00,1,0.5,1304.95,1304.95,1304.95,652.475,1304.95,1304.95,2023-01-13 16:25:00,16,1,2023,<30min
2023-01-26 17:55:00,2023-01-26 17:55:00,1,0.5,15500.0,15500.0,15500.0,7750.0,15500.0,15500.0,2023-01-26 17:55:00,17,1,2023,<30min
2023-01-31 18:35:00,2023-01-31 18:45:00,3,1.5,15500.0,1249.87,10749.956666666667,16124.935,1249.87,15500.0,2023-01-31 18:40:00,18,1,2023,1-2h
2023-02-03 15:50:00,2023-02-03 15:50:00,1,0.5,1201.0,1201.0,1201.0,600.5,1201.0,1201.0,2023-02-03 15:50:00,15,2,2023,<30min
2023-02-03 16:20:00,2023-02-03 16:20:00,1,0.5,1297.0,1297.0,1297.0,648.5,1297.0,1297.0,2023-02-03 16:20:00,16,2,2023,<30min
2023-02-05 17:50:00,2023-02-05 17:50:00,1,0.5,1249.87,1249.87,1249.87,624.935,1249.87,1249.87,2023-02-05 17:50:00,17,2,2023,<30min
2023-03-01 18:15:00,2023-03-01 18:15:00,1,0.5,15003.26,15003.26,15003.26,7501.63,15003.26,15003.26,2023-03-01 18:15:00,18,3,2023,<30min
2023-03-01 18:30:00,2023-03-01 18:30:00,1,0.5,14999.5,14999.5,14999.5,7499.75,14999.5,14999.5,2023-03-01 18:30:00,18,3,2023,<30min
2023-03-06 18:20:00,2023-03-06 18:20:00,1,0.5,1297.02,1297.02,1297.02,648.51,1297.02,1297.02,2023-03-06 18:20:00,18,3,2023,<30min
2023-03-16 17:45:00,2023-03-16 17:45:00,1,0.5,4089.23,4089.23,4089.23,2044.615,4089.23,4089.23,2023-03-16 17:45:00,17,3,2023,<30min
2023-03-16 17:55:00,2023-03-16 18:25:00,7,3.5,15500.0,1216.0,11755.025714285714,41142.59,15500.0,15500.0,2023-03-16 17:55:00,17,3,2023,2-4h
2023-03-16 18:35:00,2023-03-16 18:35:00,1,0.5,15500.0,15500.0,15500.0,7750.0,15500.0,15500.0,2023-03-16 18:35:00,18,3,2023,<30min
2023-03-16 18:45:00,2023-03-16 18:50:00,2,1.0,9999.3,9796.96,9898.13,9898.13,9999.3,9796.96,2023-03-16 18:45:00,18,3,2023,30min-1h
2023-03-17 16:45:00,2023-03-17 16:45:00,1,0.5,1201.01,1201.01,1201.01,600.505,1201.01,1201.01,2023-03-17 16:45:00,16,3,2023,<30min
2023-03-17 17:45:00,2023-03-17 17:50:00,2,1.0,14500.0,14500.0,14500.0,14500.0,14500.0,14500.0,2023-03-17 17:45:00,17,3,2023,30min-1h
2023-03-17 18:00:00,2023-03-17 18:00:00,1,0.5,12111.98,12111.98,12111.98,6055.99,12111.98,12111.98,2023-03-17 18:00:00,18,3,2023,<30min
2023-03-19 17:35:00,2023-03-19 17:35:00,1,0.5,1243.25,1243.25,1243.25,621.625,1243.25,1243.25,2023-03-19 17:35:00,17,3,2023,<30min
2023-03-19 17:45:00,2023-03-19 17:45:00,1,0.5,13500.02,13500.02,13500.02,6750.01,13500.02,13500.02,2023-03-19 17:45:00,17,3,2023,<30min
2023-03-23 17:45:00,2023-03-23 17:45:00,1,0.5,1171.89,1171.89,1171.89,585.945,1171.89,1171.89,2023-03-23 17:45:00,17,3,2023,<30min
2023-03-28 18:05:00,2023-03-28 18:05:00,1,0.5,1245.65,1245.65,1245.65,622.825,1245.65,1245.65,2023-03-28 18:05:00,18,3,2023,<30min
2023-03-28 18:15:00,2023-03-28 18:50:00,8,4.0,2600.0,1245.65,1605.3725,6421.49,2600.0,1245.65,2023-03-28 18:15:00,18,3,2023,2-4h
2023-04-04 17:30:00,2023-04-04 17:30:00,1,0.5,1350.0,1350.0,1350.0,675.0,1350.0,1350.0,2023-04-04 17:30:00,17,4,2023,<30min
2023-04-05 17:00:00,2023-04-05 17:00:00,1,0.5,1180.01,1180.01,1180.01,590.005,1180.01,1180.01,2023-04-05 17:00:00,17,4,2023,<30min
2023-04-05 17:20:00,2023-04-05 17:50:00,7,3.5,1297.02,1199.99,1241.5742857142857,4345.51,1199.99,1199.99,2023-04-05 17:30:00,17,4,2023,2-4h
2023-04-05 18:00:00,2023-04-05 18:00:00,1,0.5,1180.01,1180.01,1180.01,590.005,1180.01,1180.01,2023-04-05 18:00:00,18,4,2023,<30min
2023-04-05 18:15:00,2023-04-05 18:40:00,6,3.0,1297.02,1199.99,1264.676666666667,3794.0300000000007,1199.99,1297.02,2023-04-05 18:25:00,18,4,2023,2-4h
2023-04-12 17:45:00,2023-04-12 18:00:00,4,2.0,14950.01,1360.0,4827.5025000000005,9655.005000000001,1500.0,14950.01,2023-04-12 18:00:00,17,4,2023,1-2h
2023-04-16 17:10:00,2023-04-16 17:10:00,1,0.5,1240.0,1240.0,1240.0,620.0,1240.0,1240.0,2023-04-16 17:10:00,17,4,2023,<30min
2023-04-16 17:30:00,2023-04-16 17:30:00,1,0.5,1240.0,1240.0,1240.0,620.0,1240.0,1240.0,2023-04-16 17:30:00,17,4,2023,<30min
2023-04-16 18:15:00,2023-04-16 18:20:00,2,1.0,1240.0,1240.0,1240.0,1240.0,1240.0,1240.0,2023-04-16 18:15:00,18,4,2023,30min-1h
2023-05-17 17:35:00,2023-05-17 17:40:00,2,1.0,14930.01,1249.87,8089.9400000000005,8089.9400000000005,1249.87,14930.01,2023-05-17 17:40:00,17,5,2023,30min-1h
2023-05-17 17:50:00,2023-05-17 17:50:00,1,0.5,1180.01,1180.01,1180.01,590.005,1180.01,1180.01,2023-05-17 17:50:00,17,5,2023,<30min
2023-05-19 17:35:00,2023-05-19 17:35:00,1,0.5,1297.1,1297.1,1297.1,648.55,1297.1,1297.1,2023-05-19 17:35:00,17,5,2023,<30min
2023-05-20 17:30:00,2023-05-20 17:35:00,2,1.0,14930.01,1280.47,8105.24,8105.24,14930.01,1280.47,2023-05-20 17:30:00,17,5,2023,30min-1h
2023-05-24 06:40:00,2023-05-24 06:40:00,1,0.5,1249.87,1249.87,1249.87,624.935,1249.87,1249.87,2023-05-24 06:40:00,6,5,2023,<30min
2023-05-24 17:30:00,2023-05-24 17:40:00,3,1.5,12033.52,11565.11,11866.386666666667,17799.58,12033.52,11565.11,2023-05-24 17:30:00,17,5,2023,1-2h
2023-05-24 17:50:00,2023-05-24 18:00:00,3,1.5,11512.33,1249.87,8090.783333333333,12136.175,11510.15,11512.33,2023-05-24 18:00:00,17,5,2023,1-2h
2023-05-24 18:20:00,2023-05-24 18:35:00,4,2.0,12162.74,1180.01,8994.585000000001,17989.170000000002,11200.0,1180.01,2023-05-24 18:25:00,18,5,2023,1-2h
2023-05-25 06:40:00,2023-05-25 06:40:00,1,0.5,1257.69,1257.69,1257.69,628.845,1257.69,1257.69,2023-05-25 06:40:00,6,5,2023,<30min
2023-05-25 06:55:00,2023-05-25 06:55:00,1,0.5,14500.0,14500.0,14500.0,7250.0,14500.0,14500.0,2023-05-25 06:55:00,6,5,2023,<30min
2023-05-25 17:25:00,2023-05-25 17:50:00,6,3.0,12195.04,1183.79,6831.255,20493.765,1183.79,12113.66,2023-05-25 17:45:00,17,5,2023,2-4h
2023-05-25 18:30:00,2023-05-25 18:30:00,1,0.5,1245.65,1245.65,1245.65,622.825,1245.65,1245.65,2023-05-25 18:30:00,18,5,2023,<30min
2023-05-26 17:30:00,2023-05-26 17:30:00,1,0.5,1249.87,1249.87,1249.87,624.935,1249.87,1249.87,2023-05-26 17:30:00,17,5,2023,<30min
2023-05-26 17:45:00,2023-05-26 17:45:00,1,0.5,1249.87,1249.87,1249.87,624.935,1249.87,1249.87,2023-05-26 17:45:00,17,5,2023,<30min
2023-05-27 17:25:00,2023-05-27 17:25:00,1,0.5,14028.17,14028.17,14028.17,7014.085,14028.17,14028.17,2023-05-27 17:25:00,17,5,2023,<30min
2023-05-27 17:40:00,2023-05-27 17:40:00,1,0.5,1245.65,1245.65,1245.65,622.825,1245.65,1245.65,2023-05-27 17:40:00,17,5,2023,<30min
2023-05-29 17:45:00,2023-05-29 17:45:00,1,0.5,1658.34,1658.34,1658.34,829.17,1658.34,1658.34,2023-05-29 17:45:00,17,5,2023,<30min
2023-05-30 17:20:00,2023-05-30 17:35:00,4,2.0,14930.01,1181.41,11265.1,22530.2,1181.41,14930.01,2023-05-30 17:30:00,17,5,2023,1-2h
2023-05-30 17:45:00,2023-05-30 17:45:00,1,0.5,2258.33,2258.33,2258.33,1129.165,2258.33,2258.33,2023-05-30 17:45:00,17,5,2023,<30min
2023-05-30 17:55:00,2023-05-30 17:55:00,1,0.5,14420.6,14420.6,14420.6,7210.3,14420.6,14420.6,2023-05-30 17:55:00,17,5,2023,<30min
2023-05-30 18:05:00,2023-05-30 18:05:00,1,0.5,1166.57,1166.57,1166.57,583.285,1166.57,1166.57,2023-05-30 18:05:00,18,5,2023,<30min
2023-05-30 18:15:00,2023-05-30 18:15:00,1,0.5,14420.6,14420.6,14420.6,7210.3,14420.6,14420.6,2023-05-30 18:15:00,18,5,2023,<30min
2023-06-12 17:10:00,2023-06-12 17:20:00,3,1.5,14930.01,2304.12,9624.543333333333,14436.814999999999,11639.5,14930.01,2023-06-12 17:20:00,17,6,2023,1-2h
2023-06-12 17:40:00,2023-06-12 17:50:00,3,1.5,14930.01,2762.26,7120.806666666666,10681.21,3670.15,14930.01,2023-06-12 17:50:00,17,6,2023,1-2h
2023-06-15 17:45:00,2023-06-15 17:45:00,1,0.5,1245.65,1245.65,1245.65,622.825,1245.65,1245.65,2023-06-15 17:45:00,17,6,2023,<30min
2023-06-19 06:50:00,2023-06-19 06:50:00,1,0.5,15500.0,15500.0,15500.0,7750.0,15500.0,15500.0,2023-06-19 06:50:00,6,6,2023,<30min
2023-06-19 17:25:00,2023-06-19 17:25:00,1,0.5,14140.87,14140.87,14140.87,7070.435,14140.87,14140.87,2023-06-19 17:25:00,17,6,2023,<30min
2023-06-20 18:00:00,2023-06-20 18:00:00,1,0.5,1046.87,1046.87,1046.87,523.435,1046.87,1046.87,2023-06-20 18:00:00,18,6,2023,<30min
2023-06-21 17:20:00,2023-06-21 17:25:00,2,1.0,1297.01,1297.01,1297.01,1297.01,1297.01,1297.01,2023-06-21 17:20:00,17,6,2023,30min-1h
2023-06-21 17:50:00,2023-06-21 18:05:00,4,2.0,14219.28,1245.64,4501.8925,9003.785,1245.64,1245.64,2023-06-21 18:00:00,17,6,2023,1-2h
2023-06-21 18:30:00,2023-06-21 18:30:00,1,0.5,1245.64,1245.64,1245.64,622.82,1245.64,1245.64,2023-06-21 18:30:00,18,6,2023,<30min
2023-07-26 17:55:00,2023-07-26 17:55:00,1,0.5,1167.37,1167.37,1167.37,583.685,1167.37,1167.37,2023-07-26 17:55:00,17,7,2023,<30min
2023-08-01 18:00:00,2023-08-01 18:30:00,7,3.5,10150.56,1343.23,3227.912857142857,11297.695,1362.71,2634.18,2023-08-01 18:05:00,18,8,2023,2-4h
2023-08-10 06:30:00,2023-08-10 06:30:00,1,0.5,1290.0,1290.0,1290.0,645.0,1290.0,1290.0,2023-08-10 06:30:00,6,8,2023,<30min
2023-08-10 06:40:00,2023-08-10 06:45:00,2,1.0,4294.11,1166.97,2730.54,2730.54,4294.11,1166.97,2023-08-10 06:40:00,6,8,2023,30min-1h
2023-08-15 17:55:00,2023-08-15 18:15:00,5,2.5,1577.65,1292.91,1409.7859999999998,3524.4649999999997,1421.75,1362.71,2023-08-15 18:05:00,17,8,2023,2-4h
2023-08-15 18:25:00,2023-08-15 18:30:00,2,1.0,1362.71,1054.97,1208.8400000000001,1208.8400000000001,1054.97,1362.71,2023-08-15 18:30:00,18,8,2023,30min-1h
2023-09-04 17:35:00,2023-09-04 17:50:00,4,2.0,14776.62,1173.75,7976.6825,15953.365,14776.62,1251.55,2023-09-04 17:35:00,17,9,2023,1-2h
2023-09-06 17:25:00,2023-09-06 17:25:00,1,0.5,15004.02,15004.02,15004.02,7502.01,15004.02,15004.02,2023-09-06 17:25:00,17,9,2023,<30min
2023-09-08 16:55:00,2023-09-08 16:55:00,1,0.5,2001.49,2001.49,2001.49,1000.745,2001.49,2001.49,2023-09-08 16:55:00,16,9,2023,<30min
2023-10-16 17:55:00,2023-10-16 17:55:00,1,0.5,14928.01,14928.01,14928.01,7464.005,14928.01,14928.01,2023-10-16 17:55:00,17,10,2023,<30min
2023-10-24 17:45:00,2023-10-24 17:45:00,1,0.5,2125.25,2125.25,2125.25,1062.625,2125.25,2125.25,2023-10-24 17:45:00,17,10,2023,<30min
2023-10-31 17:50:00,2023-10-31 17:50:00,1,0.5,1298.11,1298.11,1298.11,649.055,1298.11,1298.11,2023-10-31 17:50:00,17,10,2023,<30min
2023-11-11 17:45:00,2023-11-11 17:50:00,2,1.0,12998.32,3000.0,7999.16,7999.16,3000.0,12998.32,2023-11-11 17:50:00,17,11,2023,30min-1h
2023-11-12 17:35:00,2023-11-12 17:35:00,1,0.5,13390.01,13390.01,13390.01,6695.005,13390.01,13390.01,2023-11-12 17:35:00,17,11,2023,<30min
2023-11-12 17:50:00,2023-11-12 17:50:00,1,0.5,4184.5,4184.5,4184.5,2092.25,4184.5,4184.5,2023-11-12 17:50:00,17,11,2023,<30min
2023-11-12 18:00:00,2023-11-12 18:00:00,1,0.5,1048.87,1048.87,1048.87,524.435,1048.87,1048.87,2023-11-12 18:00:00,18,11,2023,<30min
2023-11-16 17:15:00,2023-11-16 17:15:00,1,0.5,9810.2,9810.2,9810.2,4905.1,9810.2,9810.2,2023-11-16 17:15:00,17,11,2023,<30min
2023-11-16 17:30:00,2023-11-16 17:30:00,1,0.5,1298.11,1298.11,1298.11,649.055,1298.11,1298.11,2023-11-16 17:30:00,17,11,2023,<30min
2023-11-16 18:00:00,2023-11-16 18:00:00,1,0.5,1298.11,1298.11,1298.11,649.055,1298.11,1298.11,2023-11-16 18:00:00,18,11,2023,<30min
2023-12-03 17:15:00,2023-12-03 17:15:00,1,0.5,1309.99,1309.99,1309.99,654.995,1309.99,1309.99,2023-12-03 17:15:00,17,12,2023,<30min
2023-12-05 17:50:00,2023-12-05 17:50:00,1,0.5,1023.12,1023.12,1023.12,511.56,1023.12,1023.12,2023-12-05 17:50:00,17,12,2023,<30min
2023-12-05 18:05:00,2023-12-05 18:05:00,1,0.5,1050.26,1050.26,1050.26,525.13,1050.26,1050.26,2023-12-05 18:05:00,18,12,2023,<30min
2023-12-05 18:20:00,2023-12-05 18:20:00,1,0.5,1041.45,1041.45,1041.45,520.725,1041.45,1041.45,2023-12-05 18:20:00,18,12,2023,<30min
2023-12-21 14:30:00,2023-12-21 14:30:00,1,0.5,4164.92,4164.92,4164.92,2082.46,4164.92,4164.92,2023-12-21 14:30:00,14,12,2023,<30min
2023-12-28 18:20:00,2023-12-28 18:20:00,1,0.5,1048.87,1048.87,1048.87,524.435,1048.87,1048.87,2023-12-28 18:20:00,18,12,2023,<30min
2023-12-28 18:35:00,2023-12-28 18:55:00,5,2.5,14927.99,3041.49,6858.084,17145.21,14927.99,3422.94,2023-12-28 18:35:00,18,12,2023,2-4h
2023-12-28 19:05:00,2023-12-28 19:05:00,1,0.5,3421.02,3421.02,3421.02,1710.51,3421.02,3421.02,2023-12-28 19:05:00,19,12,2023,<30min
2023-12-29 17:00:00,2023-12-29 17:00:00,1,0.5,14936.02,14936.02,14936.02,7468.01,14936.02,14936.02,2023-12-29 17:00:00,17,12,2023,<30min
2023-12-29 17:50:00,2023-12-29 17:50:00,1,0.5,1545.77,1545.77,1545.77,772.885,1545.77,1545.77,2023-12-29 17:50:00,17,12,2023,<30min
2023-12-29 18:00:00,2023-12-29 18:00:00,1,0.5,13401.54,13401.54,13401.54,6700.77,13401.54,13401.54,2023-12-29 18:00:00,18,12,2023,<30min
2023-12-29 18:10:00,2023-12-29 18:10:00,1,0.5,14928.01,14928.01,14928.01,7464.005,14928.01,14928.01,2023-12-29 18:10:00,18,12,2023,<30min
2023-12-29 18:20:00,2023-12-29 18:30:00,3,1.5,14928.01,1632.09,10496.036666666667,15744.055,1632.09,14928.01,2023-12-29 18:25:00,18,12,2023,1-2h
2023-12-29 19:30:00,2023-12-29 19:35:00,2,1.0,14928.01,4165.82,9546.915,9546.915,4165.82,14928.01,2023-12-29 19:35:00,19,12,2023,30min-1h
2024-01-17 18:25:00,2024-01-17 18:25:00,1,0.5,1048.87,1048.87,1048.87,524.435,1048.87,1048.87,2024-01-17 18:25:00,18,1,2024,<30min
2024-01-17 18:40:00,2024-01-17 18:40:00,1,0.5,1506.47,1506.47,1506.47,753.235,1506.47,1506.47,2024-01-17 18:40:00,18,1,2024,<30min
2024-01-17 18:55:00,2024-01-17 18:55:00,1,0.5,2317.94,2317.94,2317.94,1158.97,2317.94,2317.94,2024-01-17 18:55:00,18,1,2024,<30min
2024-01-17 19:05:00,2024-01-17 19:05:00,1,0.5,2412.73,2412.73,2412.73,1206.365,2412.73,2412.73,2024-01-17 19:05:00,19,1,2024,<30min
2024-01-18 15:35:00,2024-01-18 15:40:00,2,1.0,10389.2,1596.11,5992.655000000001,5992.655000000001,10389.2,1596.11,2024-01-18 15:35:00,15,1,2024,30min-1h
2024-01-18 17:30:00,2024-01-18 17:30:00,1,0.5,1048.87,1048.87,1048.87,524.435,1048.87,1048.87,2024-01-18 17:30:00,17,1,2024,<30min
2024-01-18 20:10:00,2024-01-18 20:10:00,1,0.5,1057.76,1057.76,1057.76,528.88,1057.76,1057.76,2024-01-18 20:10:00,20,1,2024,<30min
2024-01-19 17:30:00,2024-01-19 17:50:00,5,2.5,11981.57,1802.59,5464.312,13660.779999999999,2635.18,11981.57,2024-01-19 17:50:00,17,1,2024,2-4h
2024-01-19 18:15:00,2024-01-19 18:15:00,1,0.5,1048.87,1048.87,1048.87,524.435,1048.87,1048.87,2024-01-19 18:15:00,18,1,2024,<30min
2024-01-19 18:30:00,2024-01-19 18:55:00,6,3.0,14936.0,7449.28,12926.42,38779.26,14928.01,14928.01,2024-01-19 18:40:00,18,1,2024,2-4h
2024-01-19 19:05:00,2024-01-19 19:15:00,3,1.5,14928.01,1456.8,6248.923333333333,9373.385,14928.01,1456.8,2024-01-19 19:05:00,19,1,2024,1-2h
2024-01-19 19:35:00,2024-01-19 19:35:00,1,0.5,1124.6,1124.6,1124.6,562.3,1124.6,1124.6,2024-01-19 19:35:00,19,1,2024,<30min
2024-01-21 17:55:00,2024-01-21 18:50:00,12,6.0,16600.0,4164.92,12547.809166666666,75286.855,8399.0,11421.31,2024-01-21 18:15:00,17,1,2024,4-8h
2024-01-21 19:10:00,2024-01-21 19:15:00,2,1.0,4534.64,3606.78,4070.71,4070.71,3606.78,4534.64,2024-01-21 19:15:00,19,1,2024,30min-1h
2024-01-22 18:20:00,2024-01-22 18:35:00,4,2.0,9799.63,1100.02,5642.8425,11285.685,1872.09,1100.02,2024-01-22 18:25:00,18,1,2024,1-2h
2024-01-24 18:20:00,2024-01-24 18:20:00,1,0.5,4174.96,4174.96,4174.96,2087.48,4174.96,4174.96,2024-01-24 18:20:00,18,1,2024,<30min
2024-01-26 18:45:00,2024-01-26 18:45:00,1,0.5,13990.01,13990.01,13990.01,6995.005,13990.01,13990.01,2024-01-26 18:45:00,18,1,2024,<30min
2024-01-27 17:45:00,2024-01-27 17:45:00,1,0.5,4164.92,4164.92,4164.92,2082.46,4164.92,4164.92,2024-01-27 17:45:00,17,1,2024,<30min
2024-01-27 18:00:00,2024-01-27 18:30:00,7,3.5,13390.02,2344.15,11300.635714285716,39552.225000000006,2344.15,13390.02,2024-01-27 18:10:00,18,1,2024,2-4h
2024-01-27 18:40:00,2024-01-27 18:50:00,3,1.5,9810.2,1048.87,6409.356666666667,9614.035,9810.2,1048.87,2024-01-27 18:40:00,18,1,2024,1-2h
2024-01-27 19:00:00,2024-01-27 19:00:00,1,0.5,1843.95,1843.95,1843.95,921.975,1843.95,1843.95,2024-01-27 19:00:00,19,1,2024,<30min
2024-01-28 17:55:00,2024-01-28 18:00:00,2,1.0,14936.02,1321.22,8128.62,8128.62,1321.22,14936.02,2024-01-28 18:00:00,17,1,2024,30min-1h
2024-01-28 18:10:00,2024-01-28 18:10:00,1,0.5,2626.98,2626.98,2626.98,1313.49,2626.98,2626.98,2024-01-28 18:10:00,18,1,2024,<30min
2024-01-28 18:20:00,2024-01-28 18:20:00,1,0.5,1734.13,1734.13,1734.13,867.065,1734.13,1734.13,2024-01-28 18:20:00,18,1,2024,<30min
2024-01-28 18:45:00,2024-01-28 18:45:00,1,0.5,2983.87,2983.87,2983.87,1491.935,2983.87,2983.87,2024-01-28 18:45:00,18,1,2024,<30min
2024-01-29 17:50:00,2024-01-29 18:40:00,11,5.5,13393.0,1491.52,9402.517272727275,51713.84500000001,10389.2,1491.52,2024-01-29 17:55:00,17,1,2024,4-8h
2024-01-29 18:50:00,2024-01-29 18:55:00,2,1.0,13390.02,2922.04,8156.030000000001,8156.030000000001,2922.04,13390.02,2024-01-29 18:55:00,18,1,2024,30min-1h
2024-02-02 18:50:00,2024-02-02 18:50:00,1,0.5,3227.14,3227.14,3227.14,1613.57,3227.14,3227.14,2024-02-02 18:50:00,18,2,2024,<30min
2024-02-05 18:40:00,2024-02-05 18:50:00,3,1.5,4164.92,1048.87,3000.0166666666664,4500.025,1048.87,4164.92,2024-02-05 18:50:00,18,2,2024,1-2h
2024-02-20 17:55:00,2024-02-20 18:00:00,2,1.0,13238.79,1321.22,7280.005,7280.005,1321.22,13238.79,2024-02-20 18:00:00,17,2,2024,30min-1h
2024-02-23 17:20:00,2024-02-23 17:40:00,5,2.5,10379.71,1048.87,3039.0879999999997,7597.719999999999,1100.14,1048.87,2024-02-23 17:35:00,17,2,2024,2-4h
2024-02-23 18:00:00,2024-02-23 18:05:00,2,1.0,1100.11,1100.11,1100.11,1100.11,1100.11,1100.11,2024-02-23 18:00:00,18,2,2024,30min-1h
2024-02-23 18:25:00,2024-02-23 18:25:00,1,0.5,1100.11,1100.11,1100.11,550.055,1100.11,1100.11,2024-02-23 18:25:00,18,2,2024,<30min
2024-02-23 18:35:00,2024-02-23 19:00:00,6,3.0,14898.01,1048.87,5456.061666666666,16368.184999999998,1100.11,11676.58,2024-02-23 18:50:00,18,2,2024,2-4h
2024-02-26 17:30:00,2024-02-26 17:30:00,1,0.5,8812.3,8812.3,8812.3,4406.15,8812.3,8812.3,2024-02-26 17:30:00,17,2,2024,<30min
2024-02-26 17:45:00,2024-02-26 18:20:00,8,4.0,14898.01,1048.87,9931.622500000001,39726.490000000005,14898.01,1048.87,2024-02-26 17:45:00,17,2,2024,2-4h
2024-02-26 18:30:00,2024-02-26 18:30:00,1,0.5,1996.85,1996.85,1996.85,998.425,1996.85,1996.85,2024-02-26 18:30:00,18,2,2024,<30min
2024-02-26 18:40:00,2024-02-26 19:00:00,5,2.5,4164.92,1465.5,2475.2760000000003,6188.1900000000005,1465.5,2026.45,2024-02-26 18:45:00,18,2,2024,2-4h
2024-02-29 17:30:00,2024-02-29 17:30:00,1,0.5,1995.0,1995.0,1995.0,997.5,1995.0,1995.0,2024-02-29 17:30:00,17,2,2024,<30min
2024-02-29 17:40:00,2024-02-29 17:40:00,1,0.5,1048.87,1048.87,1048.87,524.435,1048.87,1048.87,2024-02-29 17:40:00,17,2,2024,<30min
2024-02-29 17:50:00,2024-02-29 18:00:00,3,1.5,14166.55,11980.71,13359.086666666664,20038.629999999997,13930.0,11980.71,2024-02-29 17:55:00,17,2,2024,1-2h
2024-07-29 17:55:00,2024-07-29 18:10:00,4,2.0,3789.98,1200.73,2951.0282545833334,5902.056509166667,1200.73,3789.98,2024-07-29 18:10:00,17,7,2024,1-2h
2024-07-29 18:20:00,2024-07-29 18:35:00,4,2.0,3797.86,1984.8864899999999,2993.2566224999996,5986.513244999999,2409.97,3780.31,2024-07-29 18:25:00,18,7,2024,1-2h
2024-07-29 18:45:00,2024-07-29 18:45:00,1,0.5,1340.01,1340.01,1340.01,670.005,1340.01,1340.01,2024-07-29 18:45:00,18,7,2024,<30min
2024-07-30 05:30:00,2024-07-30 05:30:00,1,0.5,3144.668271666667,3144.668271666667,3144.668271666667,1572.3341358333334,3144.668271666667,3144.668271666667,2024-07-30 05:30:00,5,7,2024,<30min
2024-07-30 05:45:00,2024-07-30 05:45:00,1,0.5,17500.0,17500.0,17500.0,8750.0,17500.0,17500.0,2024-07-30 05:45:00,5,7,2024,<30min
2024-07-30 17:30:00,2024-07-30 17:30:00,1,0.5,2533.685245,2533.685245,2533.685245,1266.8426225,2533.685245,2533.685245,2024-07-30 17:30:00,17,7,2024,<30min
2024-07-30 17:50:00,2024-07-30 18:00:00,3,1.5,9376.64,3293.3889299999996,5428.8263099999995,8143.239465,3616.45,3293.3889299999996,2024-07-30 17:55:00,17,7,2024,1-2h
2024-07-31 18:00:00,2024-07-31 18:00:00,1,0.5,2780.0754133333335,2780.0754133333335,2780.0754133333335,1390.0377066666667,2780.0754133333335,2780.0754133333335,2024-07-31 18:00:00,18,7,2024,<30min
2024-07-31 18:10:00,2024-07-31 18:20:00,3,1.5,3761.01,3564.71,3666.523333333333,5499.785,3761.01,3564.71,2024-07-31 18:10:00,18,7,2024,1-2h
2024-07-31 18:30:00,2024-07-31 18:40:00,3,1.5,1452.7491083333334,1030.8,1228.0930361111111,1842.1395541666668,1452.7491083333334,1200.73,2024-07-31 18:30:00,18,7,2024,1-2h
2024-08-02 18:00:00,2024-08-02 18:00:00,1,0.5,3045.6530233333337,3045.6530233333337,3045.6530233333337,1522.8265116666669,3045.6530233333337,3045.6530233333337,2024-08-02 18:00:00,18,8,2024,<30min
2024-08-05 17:00:00,2024-08-05 19:00:00,5,2.5,14607.04342,3075.74158,7943.423212666667,19858.558031666667,7961.203228333335,3075.74158,2024-08-05 17:30:00,17,8,2024,2-4h
2024-09-08 18:00:00,2024-09-08 18:00:00,1,0.5,3020.9270899999997,3020.9270899999997,3020.9270899999997,1510.4635449999998,3020.9270899999997,3020.9270899999997,2024-09-08 18:00:00,18,9,2024,<30min
2024-09-29 18:00:00,2024-09-29 18:00:00,1,0.5,3051.3133333333335,3051.3133333333335,3051.3133333333335,1525.6566666666668,3051.3133333333335,3051.3133333333335,2024-09-29 18:00:00,18,9,2024,<30min
2024-10-23 17:30:00,2024-10-23 18:00:00,2,1.0,2572.73,1835.9749999999997,2204.3525,2204.3525,2572.73,1835.9749999999997,2024-10-23 17:30:00,17,10,2024,30min-1h
2024-11-07 15:30:00,2024-11-07 19:00:00,8,4.0,15631.375888333334,1696.9645183333332,8890.838687083335,35563.35474833334,2026.4553766666668,10599.911673333334,2024-11-07 18:30:00,15,11,2024,2-4h
2024-11-08 17:00:00,2024-11-08 17:30:00,2,1.0,2628.6709266666667,2261.3032449999996,2444.9870858333334,2444.9870858333334,2261.3032449999996,2628.6709266666667,2024-11-08 17:30:00,17,11,2024,30min-1h
2024-11-11 18:00:00,2024-11-11 18:00:00,1,0.5,4336.768241666667,4336.768241666667,4336.768241666667,2168.3841208333333,4336.768241666667,4336.768241666667,2024-11-11 18:00:00,18,11,2024,<30min
2024-11-18 17:30:00,2024-11-18 18:30:00,3,1.5,2881.9382766666663,1347.7466666666667,2301.1005366666664,3451.6508049999998,2881.9382766666663,1347.7466666666667,2024-11-18 17:30:00,17,11,2024,1-2h
2024-11-22 18:00:00,2024-11-22 18:00:00,1,0.5,2761.7939483333334,2761.7939483333334,2761.7939483333334,1380.8969741666667,2761.7939483333334,2761.7939483333334,2024-11-22 18:00:00,18,11,2024,<30min
2024-12-02 17:30:00,2024-12-02 18:30:00,3,1.5,13111.368356666666,3159.1366016666666,7396.523874999999,11094.785812499998,5919.066666666667,3159.1366016666666,2024-12-02 18:00:00,17,12,2024,1-2h
2024-12-08 18:00:00,2024-12-08 18:00:00,1,0.5,3138.3835,3138.3835,3138.3835,1569.19175,3138.3835,3138.3835,2024-12-08 18:00:00,18,12,2024,<30min
2024-12-12 18:00:00,2024-12-12 19:00:00,3,1.5,3298.6233333333334,1087.3869216666667,1907.5292866666666,2861.29393,1336.577605,3298.6233333333334,2024-12-12 19:00:00,18,12,2024,1-2h
2025-01-01 22:00:00,2025-01-01 22:00:00,1,0.5,2901.16,2901.16,2901.16,1450.58,2901.16,2901.16,2025-01-01 22:00:00,22,1,2025,<30min
2025-01-22 16:30:00,2025-01-22 16:30:00,1,0.5,4526.178521666667,4526.178521666667,4526.178521666667,2263.0892608333334,4526.178521666667,4526.178521666667,2025-01-22 16:30:00,16,1,2025,<30min
2025-01-22 17:30:00,2025-01-22 19:30:00,5,2.5,14318.515,1111.45,8776.114067333332,21940.285168333332,1111.45,3216.640336666667,2025-01-22 18:30:00,17,1,2025,2-4h
2025-03-13 17:30:00,2025-03-13 17:30:00,1,0.5,2405.7504583333334,2405.7504583333334,2405.7504583333334,1202.8752291666667,2405.7504583333334,2405.7504583333334,2025-03-13 17:30:00,17,3,2025,<30min
2025-04-07 17:00:00,2025-04-07 17:30:00,2,1.0,2490.7383333333332,2100.9453716666667,2295.8418524999997,2295.8418524999997,2490.7383333333332,2100.9453716666667,2025-04-07 17:00:00,17,4,2025,30min-1h
2025-04-09 17:00:00,2025-04-09 17:30:00,2,1.0,5201.303881666667,2920.799465,4061.0516733333334,4061.0516733333334,2920.799465,5201.303881666667,2025-04-09 17:30:00,17,4,2025,30min-1h
2025-05-14 16:30:00,2025-05-14 16:30:00,1,0.5,1142.0291,1142.0291,1142.0291,571.01455,1142.0291,1142.0291,2025-05-14 16:30:00,16,5,2025,<30min
2025-05-14 17:30:00,2025-05-14 17:30:00,1,0.5,2166.33954,2166.33954,2166.33954,1083.16977,2166.33954,2166.33954,2025-05-14 17:30:00,17,5,2025,<30min
2025-05-16 17:00:00,2025-05-16 17:00:00,1,0.5,2107.68968,2107.68968,2107.68968,1053.84484,2107.68968,2107.68968,2025-05-16 17:00:00,17,5,2025,<30min
2025-06-11 17:00:00,2025-06-11 19:00:00,5,2.5,7589.792781666666,1283.5436633333331,3482.2215606666664,8705.553901666666,1283.5436633333331,2000.9800566666665,2025-06-11 17:30:00,17,6,2025,2-4h
2025-06-12 17:00:00,2025-06-12 21:00:00,9,4.5,12873.235735,1985.6719116666663,7579.120682407407,34106.04307083333,5826.907029999999,1985.6719116666663,2025-06-12 19:30:00,17,6,2025,4-8h
2025-06-18 18:00:00,2025-06-18 18:00:00,1,0.5,1118.9967516666668,1118.9967516666668,1118.9967516666668,559.4983758333334,1118.9967516666668,1118.9967516666668,2025-06-18 18:00:00,18,6,2025,<30min
2025-06-26 17:30:00,2025-06-26 17:30:00,1,0.5,1371.9073933333332,1371.9073933333332,1371.9073933333332,685.9536966666666,1371.9073933333332,1371.9073933333332,2025-06-26 17:30:00,17,6,2025,<30min
