settlementdate,VRE_Total,VRE_MA30,VRE_EWM30,VRE_MA30_TWh,VRE_EWM30_TWh
2023-01-01,9116.981309506944,,3550.243384119425,,31.100132044886166
2023-01-02,9408.264400121529,,3923.633880734667,,34.371032795235685
2023-01-03,9626.390276798611,,4266.546519017211,,37.374947506590765
2023-01-04,9963.388601552084,,4637.1255335543165,,40.62121967393581
2023-01-05,8115.552464715278,,4920.247861509168,,43.10137126682031
2023-01-06,9970.083848263888,,5184.759634468555,,45.41849439794455
2023-01-07,9566.33951728125,,5486.883357432402,,48.065098211107845
2023-01-08,9215.341596055556,,5738.24378990115,,50.26701559953408
2023-01-09,9909.16739253125,,5966.195794653057,,52.26387516116079
2023-01-10,9903.922707801388,,6230.1953990504035,,54.57651169568154
2023-01-11,8333.264203100694,,6421.273363468098,,56.250354663980545
2023-01-12,7941.889632402777,,6514.459171031572,,57.06666233823657
2023-01-13,8378.377687836806,,6628.964694791717,,58.06973072637544
2023-01-14,8767.6809729375,,6755.105599387441,,59.17472505063398
2023-01-15,9608.605298878472,,6920.836681630411,,60.626529331082395
2023-01-16,7557.135621414931,,7030.087989016672,,61.58357078378604
2023-01-17,9680.251393502083,,7141.093590664964,,62.555979854225086
2023-01-18,8794.004206575695,,7251.272259996367,,63.52114499756818
2023-01-19,9898.71441659375,,7394.5549578167,,64.7763014304743
2023-01-20,9111.482867631943,,7534.69564870643,,66.00393388266833
2023-01-21,9470.79176121875,,7638.5874250525985,,66.91402584346076
2023-01-22,8424.379093260417,,7736.551527956621,,67.7721913849
2023-01-23,8505.709508403472,,7780.866588736643,,68.160391317333
2023-01-24,7714.580097409722,,7798.673330608599,,68.31637837613134
2023-01-25,9462.375032423612,,7836.190087015316,,68.64502516225417
2023-01-26,9285.3487558125,,7949.777104017415,,69.64004743119256
2023-01-27,8022.591397638195,,7992.155116963854,,70.01127882460337
2023-01-28,8725.16908748889,,8050.858245631059,,70.52551823172809
2023-01-29,6160.413808402777,,7981.9490423057005,,69.92187361059794
2023-01-30,7122.897959468751,8858.703163900984,7888.521366578657,77.60223971577263,69.10344717122904
2023-01-31,7688.079028072916,8830.11564199664,7854.834976878465,77.35181302389056,68.80835439745535
2023-02-01,8256.204291988195,8789.617007248768,7872.4071061891345,76.99704498349921,68.96228625021682
2023-02-02,9587.477947844445,8770.642341280063,7924.1865691457815,76.83082690961335,69.41587434571704
2023-02-03,10643.366598839582,8789.826139730594,8096.357270697771,76.99887698404001,70.92408969131247
2023-02-04,8665.060383392361,8803.99017135067,8183.932669432589,77.12295390103186,71.69125018422949
2023-02-05,8237.396135622917,8780.386680653393,8191.341623269851,76.91618732252373,71.7561526198439
2023-02-06,9227.66126370243,8740.703513145398,8223.285076153172,76.56856277515368,72.0359772671018
2023-02-07,9386.74580772118,8739.289770574722,8295.448326461254,76.55617839023456,72.66812733980059
2023-02-08,9639.976556633334,8753.476268528952,8385.609187421955,76.6804521123136,73.45793648181632
2023-02-09,7187.577830830555,8699.649703271518,8388.549161675695,76.2089314006585,73.4836906562791
2023-02-10,9135.952435186806,8652.423318870797,8350.726146421195,75.79522827330818,73.15236104264967
2023-02-11,10547.168020333333,8718.471711085884,8447.951923536451,76.37381218911234,74.00405885017932
2023-02-12,10089.896950052083,8794.869674342053,8585.213322690599,77.0430583472364,75.20646870676966
2023-02-13,9673.971318607639,8834.812116038154,8662.216150443846,77.39295413649425,75.88101347788809
2023-02-14,8445.5067899375,8834.519143900003,8703.443211560094,77.39038770056402,76.24216253326644
2023-02-15,8452.773832666668,8828.060926842587,8686.214196056642,77.33381371914106,76.0912363574562
2023-02-16,9350.844599923612,8831.941758891555,8697.26415771372,77.36780980789001,76.1880340215722
2023-02-17,10062.378232243056,8860.352521224531,8762.840434897575,77.6166880859269,76.76248220970275
2023-02-18,8635.665179322916,8850.768410160857,8789.096904767392,77.5327312730091,76.99248888576236
2023-02-19,8416.504005715278,8815.661124384622,8771.606141954584,77.2251914496093,76.83926980352216
2023-02-20,8071.308021885417,8783.550179113867,8733.104808021344,76.94389956903747,76.50199811826697
2023-02-21,9836.158294090277,8776.029500817314,8747.024415854201,76.87801842715966,76.62393388288281
2023-02-22,9400.463063100695,8827.365727279228,8825.009940885893,77.32772377096605,77.30708708216044
2023-02-23,9799.884003520832,8879.71026037436,8877.331808358525,77.78626188087941,77.76542664122069
2023-02-24,10977.83291032986,8944.21066908732,8969.789387326879,78.35128546120494,78.57535503298345
2023-02-25,8548.448768815973,8953.229267191562,9026.92403466707,78.4302883805981,79.07585454368355
2023-02-26,9034.655699322222,8951.935960056535,8998.334731207282,78.41895901009524,78.8254122453758
2023-02-27,8326.882373159722,8943.356724725652,8974.87186806754,78.34380490859671,78.61987756427165
2023-02-28,7814.869493451389,8976.374016076501,8911.099863465872,78.63303638083015,78.06123480396104
2023-03-01,9242.722095409723,9045.01125094899,8890.770169616288,79.23429855831314,77.88314668583868
2023-03-02,7600.187898857639,9076.752560656794,8852.731332191881,79.51235243135352,77.54992647000088
2023-03-03,9201.520047076388,9091.52879863408,8834.93685391421,79.64179227603455,77.39404684028848
2023-03-04,7950.407649815973,9089.546006751409,8820.005569031671,79.62442301914234,77.26324878471745
2023-03-05,9464.024296048612,9016.396012541229,8793.071393547712,78.98362906986117,77.02730540747797
2023-03-06,10932.938448163195,9047.401234440504,8897.030481337695,79.25523481369882,77.93798701651822
2023-03-07,10822.319244534721,9136.087973336189,9029.944101525782,80.03213064642502,79.10231032936585
2023-03-08,8515.005366009027,9172.198083344056,9076.300229413708,80.34845521009395,79.50839000966408
2023-03-09,7015.074320850694,9117.815843165537,8987.765864678144,79.8720667861301,78.73282897458053
2023-03-10,6404.815365416667,9015.765178907492,8835.546545646615,78.97810296722963,77.39938773986435
2023-03-11,6428.9380576875,8948.505650351995,8680.334832763341,78.38890949708347,76.03973313500687
2023-03-12,6779.387466430556,8904.974072607803,8538.52936502776,78.00757287604436,74.79751723764318
2023-03-13,7339.85781745625,8819.979985816948,8458.874397997834,77.26302467575648,74.09973972646102
2023-03-14,7301.111342909721,8711.732639513693,8386.378683194442,76.31477792213997,73.4646772647833
2023-03-15,7009.234162697917,8617.168030167591,8293.443464053633,75.4863919442681,72.65056474510982
2023-03-16,10194.435195319444,8593.14609393209,8313.83246187153,75.2759597828451,72.82917236599461
2023-03-17,8246.008348097223,8624.364408383028,8381.205632967856,75.54943221743532,73.41936134479842
2023-03-18,10004.521539246527,8641.185603956963,8444.767242934473,75.696785890663,73.97616104810598
2023-03-19,8291.65259482639,8606.615655901374,8458.627152592171,75.39395314569603,74.09757385670741
2023-03-20,9625.128080024306,8607.79809502921,8507.799897122133,75.40431131245587,74.52832709878989
2023-03-21,6713.197506708333,8605.741604906892,8503.332546894782,75.38629645898438,74.4891931107983
2023-03-22,5609.407645496528,8525.269758313945,8326.303737656786,74.68136308283016,72.93842074187344
2023-03-23,6410.570996299306,8429.376315048567,8180.730058572525,73.84133651982545,71.66319531309533
2023-03-24,7605.586317437847,8328.454466261415,8100.736135870051,72.95726112445,70.96244855022165
2023-03-25,7763.1189896527785,8268.642558082856,8083.77163038786,72.43330880880582,70.81383948219765
2023-03-26,6050.295750030903,8159.374236356932,8014.739678444125,71.47611831048673,70.20911958317053
2023-03-27,4940.123211182291,8012.299033724233,7849.507600123565,70.18773953542427,68.76168657708243
2023-03-28,4815.755104138889,7883.249167979434,7646.800543768085,69.05726271149985,66.98597276340844
2023-03-29,6408.3960387277775,7779.699911795779,7511.030826026788,68.15017122733103,65.79663003599468
2023-03-30,7388.773694336806,7745.093227339367,7475.48992059584,67.84701667149285,65.48529170441957
2023-03-31,7706.5944658416665,7712.291102496901,7483.799427381808,67.55967005787285,65.55808298386464
2023-04-01,5871.251670322917,7661.637753140363,7438.407014235477,67.11594671750959,65.16044544470277
2023-04-02,6686.209026381945,7586.193483050197,7365.568900692821,66.45505491151972,64.52238357006912
2023-04-03,6787.8147908229175,7527.199966182084,7331.750609150978,65.93827170375505,64.22613533616256
2023-04-04,6324.362263958334,7461.791773291749,7273.503542306421,65.36529593403573,63.71589103060425
2023-04-05,6848.6903946770835,7334.89619272753,7229.695748568079,64.25369064829317,63.33213475745637
2023-04-06,6840.489588711806,7194.183191611816,7197.857083891621,63.021044758519515,63.0532280548906
2023-04-07,6530.9512626527785,7087.319303183645,7156.208083127778,62.08491709588873,62.68838280819934
2023-04-08,9754.158048677084,7108.259716907839,7233.9380386697185,62.268355120112666,63.36929721874674
2023-04-09,8870.853725399305,7207.534632956483,7386.818535388605,63.1380033846988,64.70853037000418
2023-04-10,7478.773712329861,7259.831013061711,7425.81289263225,63.596119674420585,65.05012093945851
2023-04-11,7550.127490567361,7287.163756687857,7417.716110575347,63.83555450858564,64.97919312864003
2023-04-12,8044.923967760416,7319.113863388713,7472.04128557651,64.11543744328513,65.45508166165023
2023-04-13,6669.828465406251,7306.176102834218,7437.608896033984,64.00210266082776,65.15345392925771
2023-04-14,8372.119701719444,7322.307983326587,7437.720859360256,64.14341793394091,65.15443472799585
2023-04-15,7926.104521114584,7327.295520658011,7521.432880200054,64.18710876096418,65.88775203055248
2023-04-16,7464.600255857639,7262.881810877171,7516.006750179266,63.62284466328402,65.84021913157038
2023-04-17,6269.542947600694,7177.505817207545,7469.0381728970715,62.874950958738104,65.42877439457835
2023-04-18,7301.349194495138,7115.237577626092,7426.539069171208,62.32948118000457,65.05648224593979
2023-04-19,7014.915120282986,7047.191416852284,7410.086877008652,61.733396811626015,64.91236104259579
2023-04-20,6144.856589201389,6984.315825789312,7355.621475159398,61.18260663391437,64.43524412239633
2023-04-21,6154.591632680555,6996.902748402546,7277.349629144818,61.29286807600631,63.749582751308616
2023-04-22,6175.435828259723,6999.2000137599825,7203.456789296856,61.31299212053745,63.10228147424047
2023-04-23,6648.690872340278,6978.939878550508,7146.916474465,61.13551333610246,62.6069883163134
2023-04-24,7067.341892121527,6954.532180825109,7144.459843199002,60.92170190402796,62.58546822642325
2023-04-25,6704.514175456945,6950.910067367461,7129.531251518877,60.889972190138955,62.45469376330536
2023-04-26,8623.655239365971,7012.63755271784,7141.912797166784,61.43070496180828,62.56315610318103
2023-04-27,8020.222097676389,7146.201810083243,7243.056504181396,62.60072785632921,63.449174976629024
2023-04-28,7565.598382850694,7225.031023510081,7285.187623330338,63.2912717659483,63.81824358037377
2023-04-29,4327.334616486111,7184.781616118783,7184.425780923056,62.93868695720054,62.93556984088598
2023-04-30,4646.063184375,7076.341118693269,7001.848841152798,61.98874819975304,61.33619584849851
2023-05-01,4662.645389545139,7000.689720716335,6842.026652454516,61.32604195347509,59.936153475501555
2023-05-02,7057.184176090278,6982.550869413476,6772.984770312166,61.167145616062044,59.33134658793457
2023-05-03,9407.756127843402,7045.523752864196,6900.161510360863,61.718788075090366,60.445414830761166
2023-05-04,5369.685529482639,7070.684375520775,6917.04689200839,61.93919512956199,60.59333077399351
2023-05-05,7073.474625576389,7057.410969096863,6871.026591843656,61.82292008928852,60.19019294455043
2023-05-06,6154.480243375,7050.95031172478,6849.52332849653,61.76632473070907,60.00182435762961
2023-05-07,7007.7558946875,7045.75093603963,6820.939468913141,61.72077819970716,59.75142974767912
2023-05-08,8320.480964749999,7029.948486397506,6888.829042846507,61.58234874084215,60.3461424153354
2023-05-09,7057.057208956249,6971.029264948895,6949.802065003933,61.06621636095232,60.880266089434464
2023-05-10,5834.936263569444,6916.133658401709,6910.708933080757,60.585330847598975,60.53781025378743
2023-05-11,6593.307742097222,6877.659772236235,6861.65180240085,60.248299604789416,60.10806978903145
2023-05-12,5827.546336541666,6814.552452637571,6829.265665362859,59.695479485105125,59.82436722857866
2023-05-13,5919.98786665625,6774.879080028372,6759.998558262369,59.347940741048546,59.21758737037836
2023-05-14,5313.375672704861,6717.314071142636,6691.523162240633,58.8436712632095,58.61774290122795
2023-05-15,6155.592585238194,6612.907128764308,6622.008195905761,57.92906644797534,58.00879179613446
2023-05-16,5830.732139615625,6569.430223465511,6590.371524756391,57.54820875755788,57.73165455686598
2023-05-17,5745.066335336806,6533.170398460264,6533.488956555455,57.230572690511906,57.23336325942579
2023-05-18,5154.778737694444,6486.114250317241,6459.640135986535,56.818360832779035,56.586447591242056
2023-05-19,5499.191622940973,6423.260713195,6384.165558505866,56.267763847588206,55.92529029251139
2023-05-20,7356.349772954167,6407.529740258211,6366.434835670887,56.12996052466193,55.76996916047698
2023-05-21,8289.607307409722,6490.179867721602,6512.1957845907555,56.85397564124124,57.04683507301501
2023-05-22,6508.11594829514,6521.835731104261,6548.378091442275,57.13128100447333,57.363792081034326
2023-05-23,5673.305628236111,6509.761175214987,6510.2450552512055,57.02550789488328,57.029746684000564
2023-05-24,8175.836645572222,6494.5143346585,6520.104090649996,56.89194557160847,57.11611183409397
2023-05-25,8502.983110704861,6559.479572419411,6671.302645872985,57.46104105439404,58.44061117784735
2023-05-26,7220.078810145834,6575.837760487003,6743.744475213883,57.60433878186615,59.07520160287361
2023-05-27,7316.412061420138,6517.174809435791,6757.385187727374,57.09045133065754,59.19469424449181
2023-05-28,7874.984456121528,6515.878168317516,6828.52963516697,57.07909275446144,59.817919604062666
2023-05-29,8289.365700326389,6596.441320210913,6914.700800211529,57.784825965047595,60.57277900985299
2023-05-30,7404.694822315972,6708.440487225419,6965.539193246207,58.76593866809467,61.01812333283677
2023-05-31,8567.722721133334,6819.18703410701,7022.79138706267,59.73607841877742,61.51965255066899
2023-06-01,6340.9127285451395,6894.363777369718,7085.8744245529015,60.39462668975873,62.072259959083425
2023-06-02,5144.314543385416,6774.860011577726,6960.223985578444,59.34777370142089,60.97156211366717
2023-06-03,5303.112959864583,6711.059365289623,6851.265598434518,58.788880039937105,60.01708664228639
2023-06-04,6906.495386454862,6708.929961610033,6805.139622157359,58.77022646370389,59.61302309009846
2023-06-05,7488.852304215277,6736.538903882102,6841.952066974541,59.01208079800722,59.935500106696985
2023-06-06,7464.009854427083,6771.4852475430735,6881.195730410954,59.31821076847732,60.27927459839996
2023-06-07,8249.29247736111,6768.217427700102,6938.707928469806,59.2895846666529,60.7830814533955
2023-06-08,8237.521880708333,6774.5024518730215,7009.103925342003,59.344641478407674,61.39975038599595
2023-06-09,8564.737131659722,6860.827769010805,7133.916117334623,60.10085125653466,62.493105187851306
2023-06-10,6884.080222283334,6909.451864756222,7163.749673682756,60.526798335264495,62.75444714146095
2023-06-11,5411.216028190278,6896.805623757926,7087.108632793482,60.41601726411943,62.083071623270904
2023-06-12,7109.659504111111,6905.5072347596115,7018.546392723234,60.49224337649421,61.48246640025553
2023-06-13,8526.935859704861,6984.960252164389,7087.979948091423,61.18825180896005,62.09070434528087
2023-06-14,8248.641096152778,7075.865026604202,7168.324849178954,61.984577633052815,62.794525678807645
2023-06-15,8517.787755967362,7156.847995555517,7258.387536536889,62.69398844106633,63.583474820063145
2023-06-16,9390.413818234027,7258.840087734051,7356.024130518214,63.58743916855028,64.43877138333956
2023-06-17,8573.52732773611,7386.441628817519,7475.969541126884,64.70522866844146,65.48949318027151
2023-06-18,8459.145941979166,7477.27551517437,7510.511445830781,65.50093351292749,65.79208026547765
2023-06-19,7847.744391506944,7564.178791362093,7587.470688906397,66.26220621233195,66.46624323482006
2023-06-20,5147.999541434027,7487.675130068356,7505.112203282791,65.5920341393988,65.74478290075724
2023-06-21,6273.550289444444,7436.011804635044,7378.315755945459,65.13946340860299,64.63404602208223
2023-06-22,6021.196502329861,7438.283110723456,7291.030983915192,65.15936004993749,63.86943141909709
2023-06-23,7311.893435703473,7445.985230668012,7265.048284344539,65.2268306206518,63.641822970858165
2023-06-24,9848.155948996528,7433.906448625724,7345.911278199991,65.12102048996134,64.35018279703193
2023-06-25,10129.378812715278,7507.81107325665,7518.377386321703,65.76842500172826,65.86098590417812
2023-06-26,8519.88748295139,7599.895902620238,7659.580291678598,66.57508810695329,67.09792335510451
2023-06-27,6066.7948710034725,7571.0058638261025,7615.573050132716,66.32201136711666,66.7124199191626
2023-06-28,4643.710225899305,7472.9613527404545,7460.420205336274,65.46314145000638,65.35328099874576
2023-06-29,7402.61523738125,7408.10584448836,7352.059444676361,64.89500719771803,64.40404073536493
2023-06-30,8342.452546558334,7423.60370307244,7414.327500627677,65.03076843891459,64.94950890549846
2023-07-01,5836.592482072916,7395.538503561392,7397.693539022862,64.7849172911978,64.80379540184028
2023-07-02,5036.476412295139,7397.772102431975,7256.451901805154,64.80448361730411,63.56651865981315
2023-07-03,3507.9399531041668,7368.259914849095,7070.558150931957,64.54595685407809,61.938089402163946
2023-07-04,2909.1124877291663,7269.021518563232,6817.514781371996,63.676628502613916,59.721429484818685
2023-07-05,6674.440099269444,7172.160263418232,6667.543813610057,62.82812390754372,58.40768380722411
2023-07-06,8628.303382150694,7189.360613146258,6752.0030253981995,62.97879897116122,59.14754650248822
2023-07-07,9787.277352694444,7231.662166811497,6899.810835300145,63.34936058126871,60.442342917229276
2023-07-08,10711.794874819445,7312.217158455512,7128.913533167277,64.05502230807029,62.44928255054535
2023-07-09,9356.738386788194,7357.982162268279,7333.789602379627,64.45592374147013,64.24399691684553
2023-07-10,8317.986069465278,7384.999451028256,7403.217896822305,64.69259519100753,64.85218877616339
2023-07-11,6600.902061902777,7446.296816655681,7429.756234593184,65.22956011390376,65.08466461503629
2023-07-12,6977.90487871875,7459.42385552285,7364.109139070356,65.34455297438016,64.50959605825632
2023-07-13,9404.252382284028,7462.54675588163,7417.617931621276,65.37190958152308,64.97833308100238
2023-07-14,10192.789960774306,7516.949216244987,7582.30820809049,65.8484751343061,66.42101990287269
2023-07-15,7206.154224058333,7530.507420786221,7670.571282793068,65.9672450060873,67.19420443726729
2023-07-16,5946.1631653125005,7448.007363435742,7581.342881441759,65.2445445036971,66.41256364142981
2023-07-17,6076.866489703472,7337.008237606736,7472.2327362688075,64.272192161435,65.45675876971475
2023-07-18,7662.58150680139,7307.656032872591,7450.953353811313,64.01506684796391,65.2703513793871
2023-07-19,7146.896799979167,7251.2722066032475,7422.658150608335,63.52114452984444,65.02248539932903
2023-07-20,9418.977566607638,7329.345015711121,7503.92842251722,64.20506233762943,65.73441298125086
2023-07-21,6140.977117215277,7404.865110142896,7521.552039432257,64.86661836485177,65.88879586542657
2023-07-22,6201.619309652778,7401.898697047641,7419.765324483316,64.84063258613735,64.99714424247385
2023-07-23,6259.864640458333,7382.44255003982,7347.2899397842775,64.67019673834882,64.36225987251028
2023-07-24,4966.726038930556,7284.680422967512,7232.039424984054,63.81380050519541,63.352665362860314
2023-07-25,5603.08016829861,7129.393655321265,7111.663390773613,62.453488420614285,62.29817130317685
2023-07-26,6233.0561572604165,7000.472099000246,7030.41860430703,61.324135587242154,61.58646697372959
2023-07-27,9016.5124471875,7017.600311169604,7062.076092856747,61.474178725845725,61.8637865734251
2023-07-28,8179.827497125,7147.196104451287,7193.656272803491,62.60943787499328,63.016428949758584
2023-07-29,7826.277194865972,7201.425484265401,7206.280000153755,63.08448724216492,63.1270128013469
2023-07-30,8946.25957597361,7214.661431404063,7303.536272904711,63.20043413909959,63.97897775064527
2023-07-31,9133.472169279166,7273.3485176902805,7408.7004824401365,63.71453301496686,64.9002162261756
2023-08-01,6270.063437465277,7367.147977435513,7447.354443414417,64.53621628233509,65.2388249243103
2023-08-02,7962.158384076389,7437.966221390424,7387.634770937329,65.15658409938011,64.71568059341101
2023-08-03,10018.754705615973,7645.231079570508,7516.101510011621,66.97222425703765,65.8410492277018
2023-08-04,9729.157587,7827.348136722285,7671.773387588244,68.56756967768722,67.20473487527302
2023-08-05,6526.219444690972,7835.50746928958,7705.302575288489,68.63904543097672,67.49845055952716
2023-08-06,5783.929164274306,7733.100908868818,7592.746394450417,67.74196396169084,66.51245841538567
2023-08-07,5841.414709704862,7579.522257544478,7479.729873647149,66.39661497608962,65.52243369314904
2023-08-08,6149.7046911284715,7433.553663658939,7380.220127059238,65.1179300936523,64.65072831303893
2023-08-09,9659.57260845486,7412.803717837373,7408.132810215716,64.93616056825539,64.89524341748968
2023-08-10,8188.694692600694,7468.7599825666975,7542.716537386273,65.42633744728427,66.07419686750374
2023-08-11,6709.2883605208335,7485.948814410681,7502.441957220585,65.57691161423757,65.72139154525233
2023-08-12,6298.827211986111,7438.400390882322,7453.929608328513,65.16038742412915,65.29642336895778
2023-08-13,4874.565092934027,7287.493670914984,7323.464674853062,63.83844455721527,64.15355055171283
2023-08-14,5302.524286434028,7154.35504507451,7172.300666778313,62.67215019485271,62.82935384097803
2023-08-15,6231.438882630556,7140.126609359828,7088.381666941138,62.5475090979921,62.094223402404374
2023-08-16,6990.332486812501,7160.656840332219,7051.064936007443,62.72735392131023,61.767328839425204
2023-08-17,7822.754342982639,7167.569494304389,7069.852479600585,62.78790877010645,61.93190772130112
2023-08-18,9728.173979274305,7230.107156390311,7188.035021534551,63.33573868997913,62.96718678864267
2023-08-19,9822.782952486112,7274.519048070172,7369.498123880621,63.724786861094714,64.55680356519424
2023-08-20,7382.677401201388,7300.771685544849,7446.989354442029,63.95475996537288,65.23562674491218
2023-08-21,7923.6130654027775,7349.043903687728,7443.64741669513,64.3776245963045,65.20635137024935
2023-08-22,7292.8220818229165,7400.965236355762,7469.706073987894,64.83245547047648,65.43462520813395
2023-08-23,7501.028332017361,7460.400096157881,7462.388110776789,65.35310484234304,65.37051985040468
2023-08-24,8128.081933180555,7531.1320981264025,7463.868027143147,65.97271717958729,65.38348391777396
2023-08-25,7842.191748524306,7617.907092629385,7527.45678191699,66.73286613143343,65.94052140959283
2023-08-26,7133.250147736111,7605.723321924888,7502.259668724219,66.62613630006202,65.71979469802416
2023-08-27,6872.843376256945,7541.185033874336,7480.799586431891,66.06078089673919,65.53180437714337
2023-08-28,6416.423702180556,7513.235633049541,7420.708350893786,65.81594414551398,65.00540515382957
2023-08-29,9036.490117544445,7474.873320001745,7430.538041007939,65.47989028321528,65.09151323922956
2023-08-30,8179.637756749999,7475.488440896638,7528.182785130394,65.48527874225455,65.94688119774226
2023-08-31,8733.414336016665,7484.259375716735,7577.544416173124,65.5621121312786,66.37928908567658
2023-09-01,7083.032756690973,7534.177501521602,7604.735248561262,65.99939491332924,66.61748077739666
2023-09-02,6985.441798357639,7454.533732005849,7564.404293563483,65.30171549237123,66.26418161161611
2023-09-03,8755.70845544514,7379.0295902797225,7571.407921302147,64.64029921085037,66.32553339060681
2023-09-04,9045.744524033333,7419.850719768755,7691.738531207097,64.9978923051743,67.37962953337417
2023-09-05,9589.794736357639,7527.767989696641,7789.5312401967685,65.94324758974258,68.23629366412369
2023-09-06,9768.305870562499,7641.37113553044,7883.578049162884,66.93841114724665,69.06014371066688
2023-09-07,10627.59303698125,7787.255914767721,8040.221208324349,68.21636181336524,70.4323377849213
2023-09-08,10608.966940020833,7886.382370331105,8216.028351254086,69.08470956410048,71.9724083569858
2023-09-09,9299.320981326387,7907.336618248765,8339.291327722542,69.26826877585918,73.05219203084947
2023-09-10,7307.089553680556,7948.154776994253,8326.312829165965,69.62583584646966,72.93850038349386
2023-09-11,7170.352264576389,7963.66752770244,8254.930674494346,69.76172754267337,72.31319270857047
2023-09-12,8016.16868875868,8034.94762356402,8211.680805804133,70.38614118242081,71.93432385884421
2023-09-13,7778.679722452082,8130.177852843957,8187.116477756834,71.22035799091306,71.71914034514987
2023-09-14,9867.574082846875,8223.504721414958,8218.596702926096,72.03790135959504,71.9949071176326
2023-09-15,9300.110051465277,8334.554145413913,8322.787082659319,73.01069431382588,72.90761484409563
2023-09-16,9493.45473203264,8396.659812680029,8379.570390649693,73.55473995907705,73.40503662209132
2023-09-17,8681.24496096875,8409.413093221914,8437.015946631996,73.66645869662396,73.90825969249629
2023-09-18,8509.996762247223,8365.031177662402,8451.98421073866,73.27767311632265,74.03938168607066
2023-09-19,10712.225384210069,8385.228983077506,8500.406450932182,73.45460589175896,74.46356051016592
2023-09-20,11287.009296449307,8521.433899740783,8692.477526736668,74.64776096172926,76.1461031342132
2023-09-21,9442.80661453125,8603.842973385916,8797.215476903848,75.36966444686063,77.06360757767771
2023-09-22,8373.890233354166,8648.50281062487,8789.964585169035,75.76088462107386,77.00008976608075
2023-09-23,8261.147744732638,8681.142179222656,8768.672750953589,76.04680548999046,76.81357329835343
2023-09-24,8208.500627764583,8672.3607556098,8731.23727584606,75.96988021914184,76.4856385364115
2023-09-25,8387.995674399304,8711.502194135217,8704.537230150201,76.3127592206245,76.25174613611578
2023-09-26,7943.700158847222,8742.340232274733,8665.226426977675,76.58290043472667,75.90738350032443
2023-09-27,8792.029142072917,8798.641050137432,8638.200231670604,77.0760955992039,75.6706340294345
2023-09-28,8233.50651657639,8838.26858733897,8644.876445237947,77.42323282508937,75.72911766028442
2023-09-29,8931.704704592708,8826.094412318147,8641.485551398922,77.31658705190698,75.69941343025458
2023-09-30,9897.774853843055,8854.291950602148,8673.485366253111,77.56359748727483,75.97973180837727
2023-10-01,9894.251303197916,8935.473136204055,8787.622192751283,78.27474467314752,76.97957040850123
2023-10-02,9970.081073428819,9012.557118878425,8820.206759811854,78.950000361375,77.26501121595184
2023-10-03,9243.80321500625,9098.462253571839,8911.561072633836,79.7025293412893,78.06527499627242
2023-10-04,8739.881535,9063.431536660255,8877.428821961857,79.39566026114385,77.76627648038588
2023-10-05,10082.072573204861,9080.714798327408,8932.368112769442,79.5470616333481,78.24754466786031
2023-10-06,8470.789010572917,9080.20974496419,8951.060266001534,79.5426373658863,78.41128793017343
2023-10-07,8196.111892152083,9015.934201967375,8914.255251899753,78.97958360923421,78.08887600664184
2023-10-08,7716.403881378472,8923.304968655353,8854.374082954137,78.1681515254209,77.56431696667825
2023-10-09,8374.033555288193,8848.808836582335,8793.009292686358,77.51556540846126,77.0267614039325
2023-10-10,7336.24558838889,8843.39182143095,8740.624072713757,77.46811235573513,76.56786687697252
2023-10-11,9913.542004773264,8877.378892198725,8709.241130927605,77.76583909566084,76.29295230692584
2023-10-12,11128.731520888889,8983.512347294492,8841.998956535901,78.69556816229976,77.4559108592545
2023-10-13,11402.489531284722,9101.746101130992,9005.816385281245,79.7312958459075,78.89095153506372
2023-10-14,10695.284090354167,9187.393113451244,9149.279309282116,80.4815636738329,80.14768674931133
2023-10-15,9343.992695420138,9179.845676440389,9178.588468714273,80.4154481256178,80.40443498593703
2023-10-16,11706.332627458332,9237.263881447348,9292.10846727778,80.91843160147877,81.39887017335336
2023-10-17,9643.458521869445,9277.671113039683,9368.331784481612,81.27239895022763,82.06658643205893
2023-10-18,8761.390025208333,9299.419385392865,9364.990717699551,81.46291381604149,82.03731868704807
2023-10-19,8531.191888406249,9281.852184179566,9319.740249823388,81.309025133413,81.64092458845288
2023-10-20,10185.711273780556,9200.431724808732,9301.927466144965,80.5957819093245,81.4848846034299
2023-10-21,10865.231582833332,9208.970189283287,9384.546477381908,80.6705788581216,82.20862714186552
2023-10-22,11229.273170381945,9295.23139652681,9506.966744392132,81.42622703357486,83.28102868087508
2023-10-23,10393.093840997222,9368.890869999987,9581.86271672273,82.0714840211999,83.93711739849113
2023-10-24,12057.290479983334,9469.876666757873,9687.992874115806,82.95611960079897,84.86681757725445
2023-10-25,11496.751655597223,9588.670692926857,9829.087085893936,83.99675527003927,86.10280287243087
2023-10-26,9896.890774663194,9673.1652126323,9880.101376291675,84.73692726265894,86.54968805631508
2023-10-27,9345.406946743055,9722.046900731699,9868.704281379263,85.16513085040968,86.44984950488235
2023-10-28,10070.582579235417,9758.429168123419,9867.045833952601,85.48383951276116,86.43532150542478
2023-10-29,8831.051764590278,9776.564060495768,9819.1484800023,85.64270116994292,86.01574068482016
2023-10-30,11256.873654445139,9801.85568242679,9824.775734021421,85.86425577805869,86.06503543002765
2023-10-31,11531.905642975695,9852.857223595316,9963.531896755043,86.31102927869496,87.28053941557418
2023-11-01,9129.127816960417,9872.977105458987,9958.164848742907,86.48727944382074,87.23352407498787
2023-11-02,9494.200010208333,9843.140092896518,9918.928402819256,86.2259072137735,86.88981280869668
2023-11-03,9270.836255635417,9874.970366533022,9881.307506996354,86.50474041082926,86.56025376128805
2023-11-04,9847.39765634375,9871.859979424766,9865.068281951293,86.47749341976095,86.41799814989334
2023-11-05,8553.962943295834,9873.655422101596,9827.157679580294,86.49322149760998,86.08590127312338
2023-11-06,8963.065440298611,9887.723838417462,9761.516843321886,86.61646082453699,85.51088754749973
2023-11-07,9524.691818098612,9929.569524686163,9728.487260662352,86.9830290362508,85.2215484034022
2023-11-08,9303.518465198958,9983.433937609127,9714.537050709796,87.45488129345595,85.09934456421782
2023-11-09,8535.923171236806,10007.706163898094,9649.850562852578,87.6675059957473,84.53269093058859
2023-11-10,10309.962661202777,10040.971975055521,9623.890928819697,87.95891450148638,84.30528453646056
2023-11-11,11092.042795347223,10052.978302480547,9720.741404282282,88.0640899297296,85.15369470151279
2023-11-12,10534.825379857639,10023.071612910224,9769.760131128985,87.80210732909354,85.58309874868992
2023-11-13,10379.757286097223,10000.96123884653,9821.447287494675,87.6084204522956,86.03587823845338
2023-11-14,8156.288908638195,9991.470740550201,9788.518847395158,87.52528368721977,85.74742510318161
2023-11-15,9341.811893788194,9912.048230524375,9708.757975550487,86.82954249939354,85.04871986582228
2023-11-16,9720.258690041666,9881.708072979489,9700.265989279087,86.56376271930031,84.9743300660848
2023-11-17,10120.272488249999,9904.471800514542,9720.013319198653,86.76317297250739,85.14731667618021
2023-11-18,9434.699599947917,9943.916304262904,9727.927867945304,87.10870682534305,85.21664812320087
2023-11-19,9036.741736489583,9945.537811769027,9686.098704073682,87.12291123109668,84.85022464768545
2023-11-20,6467.668369897223,9852.342867640176,9562.273403414381,86.30652352052795,83.76551501390999
2023-11-21,8495.355156840973,9717.912724749262,9413.943597838386,85.12891546880353,82.46614591706425
2023-11-22,9609.148908885416,9669.619098574933,9401.90915138307,84.70586330351641,82.3607241661157
2023-11-23,9432.34979453125,9616.280544883923,9415.769936615074,84.23861757318316,82.48214464474805
2023-11-24,8101.656121378473,9519.036079802323,9385.938205768944,83.38675605906835,82.22081868253595
2023-11-25,6597.043401510417,9401.77377288123,9238.707364741736,82.35953825043958,80.93107651513762
2023-11-26,9010.800320543403,9339.450608709034,9149.44520458561,81.81358733229114,80.14913999216995
2023-11-27,9544.355612809028,9319.407202357812,9155.304598460201,81.63800709265443,80.20046828251135
2023-11-28,6696.542545268055,9281.574614080935,9079.008463497434,81.30659361934899,79.53211414023752
2023-11-29,10506.49046589861,9244.589679418601,9061.703141074337,80.98260559170696,79.38051951581119
2023-11-30,11852.809254854166,9222.366811438973,9207.272689250254,80.7879332682054,80.65570875783223
2023-12-01,9640.160173465278,9251.820371648411,9307.739011684176,81.04594645564009,81.53579374235339
2023-12-02,9169.619310649306,9249.29821412293,9305.289882877578,81.02385235571687,81.51433937400758
2023-12-03,9488.552335479168,9245.73829236485,9300.875995921835,80.99266744111608,81.47567372427528
2023-12-04,10566.149164836805,9261.222166017413,9352.324940677716,81.12830617431253,81.92636648033678
2023-12-05,10786.291672472222,9299.877774193696,9422.908510060113,81.46692930193677,82.54467854812658
2023-12-06,11068.443287545138,9380.493553527283,9539.163471736372,82.173123528899,83.56307201241061
2023-12-07,9647.104526146528,9414.008457697297,9584.232456613441,82.46671408942832,83.95787631993376
2023-12-08,10981.362211897569,9443.976247437578,9638.130191819077,82.72923192755319,84.43002048033512
2023-12-09,10175.934240461806,9495.28069110947,9677.412680278761,83.17865885411896,84.77413507924196
2023-12-10,11142.982261874306,9551.29781497822,9757.644647397234,83.66936885920921,85.47696711119977
2023-12-11,10326.421805524305,9540.44433896614,9824.39002653671,83.57429240934339,86.06165663246158
2023-12-12,10511.955290993055,9535.67161406048,9857.811468799902,83.53248333916981,86.35442846668714
2023-12-13,10929.84121325,9537.82765644565,9908.158236729714,83.5513702704639,86.79546615375229
2023-12-14,11214.412399055554,9605.340709164,10001.418193414309,84.14278461227664,87.61242337430934
2023-12-15,9507.040698541667,9652.806763004402,9998.522493900293,84.55858724391857,87.58705704656658
2023-12-16,10751.948205982639,9681.922561027666,10028.120254663274,84.81364163460236,87.84633343085028
2023-12-17,9595.158543357638,9680.88813185475,10024.14493783428,84.80458003504761,87.81150965542831
2023-12-18,9906.654151186805,9681.784230956464,10014.452146636175,84.81242986317862,87.72660080453291
2023-12-19,11072.471249752778,9723.973703445363,10036.327137435843,85.18200964218138,87.918225723938
2023-12-20,10677.638676494096,9830.138482649476,10096.2899268068,86.11201310800942,88.44349975882756
2023-12-21,9943.048204890973,9929.784111157347,10104.985157647821,86.98490881373836,88.51966998099492
2023-12-22,9845.201139753472,9952.811887720089,10092.698154023301,87.18663213642797,88.41203582924412
2023-12-23,10048.19744553125,9966.130388320356,10088.112579881074,87.30330220168632,88.3718661997582
2023-12-24,8828.1712521625,9970.0010085433,10022.182171656319,87.33720883483932,87.79431582370937
2023-12-25,10814.811016577778,10074.598945372574,10037.7683904488,88.25348676146376,87.9308511003315
2023-12-26,9965.508091826388,10165.195839376722,10070.944317044248,89.0471155529401,88.22147221730762
2023-12-27,9340.81158971875,10169.189254340437,10024.86339033184,89.08209786802225,87.81780329930693
2023-12-28,10476.526537885416,10228.089598039374,10008.417735854136,89.59806487882491,87.67373936608224
2023-12-29,10387.841368958334,10281.552805560228,10032.651059840946,90.0664025767076,87.8860232842067
2023-12-30,9428.231706298611,10244.16141329509,10041.92321878548,89.73885398046498,87.96724739656081
2023-12-31,10200.0339839375,10207.42705164176,10018.777560985449,89.41706097238182,87.76449143423254
2024-01-01,8400.477365027777,10211.582579882148,9977.768606930564,89.45346339976761,87.40525299671175
2024-01-02,8814.198562895834,10187.38342458895,9883.210011553885,89.2414787993992,86.57691970121203
2024-01-03,9131.77289740139,10151.120298708902,9826.67022597791,88.92381381668999,86.0816311795665
2024-01-04,10248.23074603125,10124.196592949733,9814.926725609925,88.68796215423966,85.97875811634293
2024-01-05,11075.63825710764,10106.069568090037,9871.001774474795,88.52916941646873,86.46997554439922
2024-01-06,9747.790899621528,10118.459506648845,9918.771751353686,88.6377052782439,86.8884405418583
2024-01-07,8393.819673725695,10074.345319546037,9864.691099363203,88.25126499922328,86.41469403042167
2024-01-08,7887.876521215278,9996.432561199485,9738.839664539353,87.56874923610748,85.31223546136474
2024-01-09,8211.910659627778,9900.88868432,9630.231545556306,86.73178487464321,84.36082833907325
2024-01-10,9645.050828034722,9833.639940963298,9576.101485794798,86.1426858828385,83.88664901556243
2024-01-11,10528.252439015625,9823.466807150315,9605.88162417932,86.05356923063675,84.14752302781083
2024-01-12,10515.002802701389,9826.245312423134,9677.645793772966,86.07790893682665,84.77617715345119
2024-01-13,11072.866084609375,9801.505017446656,9737.86968028112,85.86118395283272,85.30373839926261
2024-01-14,11762.250032405556,9857.027607412128,9860.181280917706,86.34756184093025,86.37518802083912
2024-01-15,10554.27649310764,9884.032010605342,9949.936664830237,86.58412041290279,87.16144518391287
2024-01-16,10568.224081329861,9904.228207534645,9990.583381615701,86.7610390980035,87.51751042295355
2024-01-17,9355.490590627778,9903.068853431667,9980.268277139292,86.75088315606142,87.4271501077402
2024-01-18,10337.033286993055,9888.485607277607,9976.226826697764,86.62313391975185,87.39174700187242
2024-01-19,9892.273565663194,9865.293197570028,9995.585047865186,86.41996841071345,87.56132501929903
2024-01-20,9278.366738267709,9836.590919561333,9955.234376028575,86.16853645535728,87.2078531340103
2024-01-21,11071.531435141667,9840.619219134991,9961.143050106144,86.20382435962252,87.25961311892983
2024-01-22,11258.823722663195,9881.84298380637,10044.570161959864,86.56494453814382,87.99043461876842
2024-01-23,9838.372411629167,9932.195796837254,10078.813944394102,87.00603518029435,88.29041015289232
2024-01-24,10195.255167336805,9935.681838768545,10096.959876583192,87.03657290761247,88.44936851886877
2024-01-25,8065.096161253473,9876.237670668297,10010.618334115608,86.51584199505429,87.69301660685274
2024-01-26,9978.27484048264,9872.840762010956,9962.604663827338,86.48608507521597,87.2724168551275
2024-01-27,9337.986690090278,9861.757434970425,9928.02445732296,86.38899513034094,86.96949424614913
2024-01-28,7718.811087239584,9798.194304242206,9834.000189792105,85.83218210516173,86.14584166257883
2024-01-29,9451.092663520833,9740.633793253033,9746.100136613286,85.32795202889658,85.37583719673238
2024-01-30,9141.737990964584,9728.819737159649,9718.4936807471,85.22446089751851,85.1340046433446
2024-01-31,9951.223550295834,9735.79574973625,9711.618686610704,85.28557076768955,85.07377969470976
2024-02-01,11050.019249420833,9798.949042068472,9756.671424261245,85.83879360851982,85.46844167652851
2024-02-02,11278.772835892361,9882.712837636878,9870.38101385605,86.57256445769906,86.46453768137899
2024-02-03,9724.523162138195,9906.065536111646,9899.995700124588,86.777134096338,86.7239623330914
2024-02-04,9793.669692041667,9871.884019158455,9884.130311041723,86.47770400782808,86.58498152472549
2024-02-05,9387.167643934028,9842.30322638927,9873.959904565218,86.21857626317001,86.49588876399132
2024-02-06,9759.634602715278,9855.667473840436,9849.362813056954,86.33564707084223,86.28041824237893
2024-02-07,9926.003387090279,9918.12673233293,9845.583704057983,86.88279017523648,86.24731324754794
2024-02-08,10446.393435875,9994.876964707308,9878.57087990929,87.55512221083603,86.53628090800538
2024-02-09,9941.048573660417,10033.467469306393,9882.097478719896,87.89317503112402,86.5671739135863
2024-02-10,10065.635860729168,10042.7436112256,9909.848902009797,87.97443403433626,86.81027638160582
2024-02-11,9982.604087624999,10019.051261190636,9916.335994482064,87.76688904802997,86.86710331166289
2024-02-12,9986.825720385417,9997.526097573978,9919.528558880867,87.57832861474806,86.89507017579642
2024-02-13,10719.197047372916,9951.390220657793,9940.826617486937,87.17417833296226,87.08164116918557
2024-02-14,9267.360307378472,9912.119147323725,9949.212644743087,86.83016373055584,87.15510276794946
2024-02-15,8277.432039690973,9849.641448556617,9868.491388859567,86.28285908935597,86.44798456640983
2024-02-16,7688.888876549306,9787.663339579278,9746.413397459617,85.73993085471447,85.37858136174624
2024-02-17,9481.9522882125,9742.53210006401,9670.648156080939,85.34458119656074,84.71487784726904
2024-02-18,9675.159133663195,9716.88939823657,9660.102769187155,85.11995112855236,84.62250025807948
2024-02-19,9345.001809486112,9726.080497598443,9659.2847260334,85.20046515896236,84.61533420005259
2024-02-20,9408.837667370139,9707.217040544752,9647.036780959805,85.03522127517203,84.5080422012079
2024-02-21,10063.35827062639,9655.199660023189,9650.370791194611,84.57954902180313,84.5372481308648
2024-02-22,10943.443384777778,9652.389825163513,9705.77359932907,84.55493486843237,85.02257673012267
2024-02-23,10445.177365663194,9667.002971490894,9775.660036631607,84.68294603026023,85.63478192089288
2024-02-24,7219.661154229168,9666.614191769024,9708.692012223231,84.67954031989666,85.0481420270755
2024-02-25,8282.295912168402,9610.210853097753,9570.946942692484,84.18544707313632,83.84149521798616
2024-02-26,9761.768987315972,9597.140203347071,9537.184170529139,84.07094818132033,83.54573333383526
2024-02-27,9007.918286989583,9633.360187234173,9538.652005938473,84.38823524017135,83.55859157202103
2024-02-28,11130.681410882638,9686.262599759042,9572.310164840264,84.85166037388922,83.85343704400073
2024-02-29,9645.193999284722,9726.186873609691,9632.951871698895,85.20139701282089,84.38465839608232
2024-03-01,9562.9061810625,9713.271101901353,9606.256951581901,85.08825485265585,84.15081089585746
2024-03-02,8954.782454579861,9682.334976884787,9597.290852603066,84.81725439751074,84.07226786880285
2024-03-03,8964.695122208333,9592.296892164273,9546.776552995469,84.02852077535903,83.6297626042403
2024-03-04,9232.661538106944,9559.420476091624,9534.33642027717,83.74052337056263,83.52078704162801
2024-03-05,8598.200677346527,9534.649778665907,9493.93287714701,83.52353206111336,83.1668520038078
2024-03-06,8965.304822497223,9491.807855253257,9426.699663592199,83.14823681201854,82.57788905306766
2024-03-07,10630.074715024306,9504.320917516816,9455.596468769661,83.25785123744731,82.83102506642224
2024-03-08,9571.926909333333,9524.03387732923,9514.890364345534,83.43053676540406,83.35043959166688
2024-03-09,10958.663387951041,9515.67351153497,9553.436092489472,83.35729996104634,83.68810017020779
2024-03-10,10660.87630046875,9554.73003370633,9653.531234694381,83.69943509526746,84.5649336159228
2024-03-11,9804.080245445833,9552.537184092349,9691.510113595608,83.68022573264898,84.89762859509754
2024-03-12,9600.065642712847,9531.045729667285,9670.238932514842,83.49196059188542,84.71129304883
2024-03-13,8159.8695211093755,9499.342753508636,9627.130452521395,83.21424252073565,84.33366276408744
2024-03-14,9296.130905434027,9441.481164899034,9555.611640655034,82.70737500451554,83.7071579721381
2024-03-15,10553.688758361111,9442.229083974065,9591.522703617999,82.7139267756128,84.02173888369369
2024-03-16,8766.044678118751,9479.200886091,9605.120941631052,83.03779976215716,84.14085944868803
2024-03-17,8198.247794503472,9493.144348004336,9527.045093364077,83.15994448851801,83.45691501786932
2024-03-18,8782.863069219444,9485.658902881698,9450.20526274681,83.09437198924367,82.78379810166206
2024-03-19,10014.1386864375,9483.849961713177,9450.76192214896,83.07852566460743,82.7886744380249
2024-03-20,9958.883271999306,9503.317685730455,9501.358789124939,83.24906292699879,83.23190299273448
2024-03-21,8865.352881225694,9494.60922548134,9481.950442311032,83.17277681521652,83.06188587464463
2024-03-22,8209.762565777777,9451.793713239751,9412.539089269041,82.79771292798021,82.45384242199681
2024-03-23,7671.542651312499,9374.37401070286,9332.795029902809,82.11951633375706,81.75528446194862
2024-03-24,6893.549165850694,9253.564376846893,9192.982845363309,81.06122394117878,80.53052972538258
2024-03-25,7007.077425145834,9194.416438854563,9050.745872999802,80.54308800436597,79.28453384747827
2024-03-26,6678.875009628472,9163.524273008119,8894.917363362903,80.27247263155114,77.91947610305904
2024-03-27,7584.373320956597,9100.781578289332,8782.99008010347,79.72284662581454,76.93899310170639
2024-03-28,8649.938939124999,9056.945769326454,8749.229544835247,79.33884493929975,76.64325081275678
2024-03-29,7828.107031815973,9002.886826538315,8728.025943415176,78.86528860047565,76.45750726431694
2024-03-30,7715.818161982639,8900.94889484851,8646.396687614659,77.97231231887294,75.74243498350441
2024-03-31,7268.138487097222,8846.688720130485,8578.064429198812,77.49699318834305,75.1438443997816
2024-04-01,7754.437767166666,8782.511376777746,8511.750716290391,76.93479966057306,74.56293627470383
2024-04-02,9543.78674701736,8781.533064337826,8530.203545907973,76.92622964359936,74.72458306215384
2024-04-03,6927.745611197916,8741.406205195099,8504.610056266158,76.57471835750907,74.50038409289155
2024-04-04,7378.1929883125,8674.97905661242,8402.259566610373,75.9928165359248,73.60379380350687
2024-04-05,7161.444582302083,8643.995377158712,8344.995860691442,75.72139950391032,73.10216373965703
2024-04-06,6267.943929364584,8539.97324410249,8241.606150917607,74.81016561833782,72.19646988203824
2024-04-07,6409.541059843751,8398.728314347472,8106.553826007832,73.57286003368385,71.01341151582862
2024-04-08,7646.453307236111,8292.141529872517,8029.647193864684,72.63915980168325,70.33970941825463
2024-04-09,8545.633824426388,8198.944684139746,8048.167801549273,71.82275543306416,70.50194994157162
2024-04-10,8364.246585345138,8138.040329720443,8072.087472457293,71.28923328835108,70.71148625872588
2024-04-11,7529.151430388888,8092.921012283156,8067.798895132707,70.89398806760046,70.67391832136252
2024-04-12,7107.227007732639,8037.32213738112,8020.980925565273,70.40694192345862,70.2637929079518
2024-04-13,6711.483281866666,7984.224684082766,7949.747828523112,69.94180823256504,69.63979097786246
2024-04-14,6779.660362497222,7869.73377111015,7867.256198400592,68.93886783492492,68.91716429798919
2024-04-15,6928.1271566395835,7770.002760478368,7799.911673943593,68.0652241817905,68.32722626374589
2024-04-16,6576.943827763888,7715.272485248239,7732.380826781143,67.58578697077458,67.73565604260281
2024-04-17,6357.632623489583,7653.669809127667,7651.604284160597,67.04614752795837,67.02805352924683
2024-04-18,7349.5593754375,7562.342588434811,7591.447545844486,66.24612107468896,66.5010805015977
2024-04-19,8070.750203422917,7482.58004544519,7607.941246361253,65.54740119809988,66.64556531812458
2024-04-20,6845.064930715278,7430.350402803087,7609.342664322155,65.08986952855504,66.65784173946209
2024-04-21,6003.430947066667,7362.433436738811,7529.281349393911,64.49491690583199,65.95650462069067
2024-04-22,7569.730941815972,7313.372445892898,7477.17455964171,64.0651426260218,65.50004914246139
2024-04-23,9781.418326929166,7363.7334625521735,7555.5073631146515,64.50630513195705,66.18624450088436
2024-04-24,9449.481953241666,7459.994511431415,7704.864459665264,65.3495519201392,67.49461266666772
2024-04-25,7582.165575499999,7516.600863097522,7744.83037646261,65.84542356073429,67.84471409781246
2024-04-26,6091.739625982639,7504.757266648542,7683.21496990231,65.74167365584123,67.30496313634424
2024-04-27,6610.169288063888,7443.684259385597,7602.022977575667,65.20667411221784,66.59372128356286
2024-04-28,7314.837379545138,7386.236126501902,7544.107796441241,64.70342846815666,66.08638429682527
2024-04-29,7744.029151742361,7397.777982554223,7561.232346841519,64.804535127175,66.2363953583317
2024-04-30,8269.733500052083,7407.362490858763,7581.884404169207,64.88849541992276,66.41730738052227
2024-05-01,8858.210244222222,7442.391473569874,7647.704081600732,65.19534930847209,66.99388775482241
2024-05-02,8100.741423165972,7434.776067406801,7706.062713485641,65.12863835048358,67.50510937013424
2024-05-03,6820.572106865972,7408.269426768687,7682.714691219342,64.8964401784937,67.30058069508145
2024-05-04,6240.055402739584,7398.564916196271,7614.3898369710505,64.81142866587933,66.7020549718664
2024-05-05,6956.261781847222,7355.621326902204,7525.438147337399,64.4352428236633,65.92283817067562
2024-05-06,8410.127047385417,7397.922111726879,7557.549951398846,64.80579769872746,66.20413757425389
2024-05-07,6707.62521871875,7443.192324028845,7553.340001204917,65.20236475849269,66.16725841055508
2024-05-08,6445.331745336806,7434.035640176568,7493.690340546596,65.12215220794674,65.6447273831882
2024-05-09,5711.036848743056,7359.790662331709,7402.507490356214,64.47176620202578,64.84596561552043
2024-05-10,5793.831256760416,7266.752577640003,7288.14172350352,63.65675258012644,63.844121497890846
2024-05-11,5507.0406837298615,7191.63677980069,7189.2169123793055,62.99873819105405,62.97754015244272
2024-05-12,5179.813696559028,7123.054269691496,7066.541031044358,62.39795540249751,61.902899431948576
2024-05-13,6460.8874082638895,7084.814065378373,6983.655879745936,62.06297121271455,61.176825506574396
2024-05-14,6055.519652001389,7078.416049064111,6950.830514447843,62.006924589801606,60.8892753065631
2024-05-15,5904.939523034722,7045.965619339324,6879.72408882529,61.72265882541248,60.26638301810954
2024-05-16,5153.205834489583,7005.233568909251,6792.523488831161,61.365846063645044,59.50250576216097
2024-05-17,7225.961545385417,6986.9269643306225,6738.018606772751,61.205480207536255,59.025042995329294
2024-05-18,7846.133292619445,7025.662493667919,6811.471050574247,61.54480344453098,59.66848640303041
2024-05-19,7763.205900673612,7021.959071987995,6870.8425472041345,61.51236147061483,60.18858071350822
2024-05-20,6450.863129194444,7002.695836419744,6882.628969958103,61.34361552703697,60.29182977683299
2024-05-21,6243.629258430556,7005.856177403737,6855.713419941661,61.37130011405674,60.05604955868896
2024-05-22,5584.220892052083,6977.242697776557,6790.7364191015595,61.12064603252264,59.48685103132966
2024-05-23,5493.032889368055,6869.718092299562,6704.55621710429,60.178730488544176,58.73191246183358
2024-05-24,5117.637351851389,6720.667651408719,6620.30608581311,58.873048626340385,57.993881311722845
2024-05-25,4769.3105823125,6608.3470353528255,6513.373769500998,57.88912002969076,57.05715422082874
2024-05-26,5180.932339923611,6545.476135448457,6410.513460653395,57.33837094652848,56.15609791532375
2024-05-27,5852.079606111111,6512.602644116249,6347.763521341705,57.05039916245835,55.60640844695334
2024-05-28,6665.080291732639,6495.401827618826,6337.344778788997,56.89972000994092,55.515140262191615
2024-05-29,9815.937755724999,6515.354870140924,6472.027769109722,57.07450866243449,56.69496325740116
2024-05-30,10184.572218059027,6584.560223130739,6696.634637040724,57.68074755462529,58.66251942047674
2024-05-31,8353.407558635417,6626.516346557143,6899.886386331059,58.04828319584058,60.44300474426007
2024-06-01,4508.06815825,6533.088746247031,6824.489514099953,57.229857417124,59.782528143515584
2024-06-02,6196.013768656249,6473.2796214671735,6743.757011573899,56.70592948405244,59.07531142138735
2024-06-03,6560.30649909375,6460.370387889344,6711.398951879754,56.59284459791066,58.791854818466646
2024-06-04,4744.996766640278,6447.792204768714,6655.257317434142,56.482659713773934,58.30005410072309
2024-06-05,4971.84833040625,6330.242581121475,6515.469759757787,55.45292501062412,57.07551509547822
2024-06-06,6232.889253159722,6272.490239004488,6467.895664651199,54.94701449367932,56.6587660223445
2024-06-07,6193.284680915972,6262.556097842604,6459.161102990416,54.85999141710121,56.58225126219605
2024-06-08,5350.321023631945,6246.927513775187,6404.507911338328,54.723085020670645,56.10348930332375
2024-06-09,5255.0716758680555,6242.801405445582,6346.4080272973615,54.686940311703296,55.59453431912488
2024-06-10,7217.345500805556,6239.257270579055,6302.252848875491,54.655893690272535,55.207734956149295
2024-06-11,9562.43879307986,6357.948120404651,6467.190342815625,55.69562553474475,56.65258740306487
2024-06-12,8615.026864972222,6487.754005979858,6673.260065099198,56.83272509238356,58.45775817026898
2024-06-13,4091.7959163124997,6466.968836679327,6618.673335350942,56.650647009310916,57.979578417674254
2024-06-14,5127.966733479167,6421.951881767428,6482.333689843744,56.256298484282674,56.7852431230312
2024-06-15,6072.509900458333,6425.932495083096,6429.258822729794,56.29116865692793,56.320307287112996
2024-06-16,7172.508385989237,6445.353202699723,6435.410682919474,56.46129405564957,56.3741975823746
2024-06-17,6275.641290017361,6415.040918932755,6469.200441349097,56.19575844985093,56.67019586621808
2024-06-18,5368.682366604166,6347.477039962948,6419.569648393547,55.603898870075426,56.23543011992748
2024-06-19,6033.934816881944,6295.458511519348,6360.584089046167,55.14821656090948,55.718716620044425
2024-06-20,5160.557200041667,6278.313368400624,6333.791746768962,54.99802510718947,55.48401570169611
2024-06-21,4830.092754111111,6243.099787082555,6234.443210397402,54.68955413484318,54.61372252308124
2024-06-22,4419.5844677465275,6216.127892165361,6131.72330299762,54.45328033536857,53.71389613425915
2024-06-23,6245.935140843751,6210.0364525207915,6073.680986977594,54.399919324082134,53.205445445923736
2024-06-24,7956.336126494444,6286.034004193943,6149.785657259342,55.065657876738946,53.87212235759184
2024-06-25,8176.9239950902775,6388.106849859248,6267.577779265397,55.95981600476702,54.90398134636488
2024-06-26,8460.972933815972,6493.506626406506,6417.834363082365,56.883118047321,56.22022902060152
2024-06-27,5885.041521395487,6520.287165200804,6453.600541589692,57.11771556715905,56.533540744325705
2024-06-28,8802.409181672918,6478.309118785196,6499.522515354888,56.749987880558315,56.93581723450882
2024-06-29,7761.355462440973,6439.410131047173,6646.433452170982,56.40923274797324,58.22275704101781
2024-06-30,6420.957619149306,6342.915826391326,6666.555044112356,55.563942639188014,58.39902218642425
2024-07-01,4152.7842525625,6319.637231995893,6561.765158123369,55.360022152284024,57.4810627851607
2024-07-02,5245.829072489583,6288.514813321835,6437.305572814275,55.08738976469928,56.390796817853065
2024-07-03,6599.108843961806,6279.764209685363,6408.156777936634,55.01073447684379,56.135453374724925
2024-07-04,7815.333375885417,6322.961501669025,6456.366923510639,55.38914275462066,56.557774249953205
2024-07-05,8101.7604348125,6442.949175410483,6561.587399762134,56.44023477659584,57.47950562191628
2024-07-06,7963.546372579861,6519.979795066614,6659.588028445653,57.11502300478355,58.337991129183926
2024-07-07,7757.9027162506945,6573.131479853134,6741.233693894818,57.58063176351345,59.05320715851861
2024-07-08,5579.41647224375,6610.847580623301,6740.754466612806,57.911024806260116,59.04900912752819
2024-07-09,4942.693012471528,6593.248572088346,6626.833217527918,57.75685749149392,58.051058985544564
2024-07-10,6496.731768138889,6584.463656157942,6547.450150416636,57.67990162794357,57.35566331764972
2024-07-11,8017.9112525694445,6558.0827706854225,6645.403092235384,57.448805071204305,58.21373108798196
2024-07-12,5641.083480541667,6444.62642836093,6619.936666098737,56.45492751244174,57.99064519502494
2024-07-13,5720.651469026041,6439.919165807453,6561.410735799201,56.41369189247329,57.47795804560101
2024-07-14,7046.612145581945,6502.615356340608,6550.222965714976,56.962910521543726,57.379953179663204
2024-07-15,9229.646907284723,6575.267189081788,6633.657346180997,57.59934057635647,58.110838352545535
2024-07-16,9544.294218104167,6696.343586667071,6860.451376234975,58.659969819203546,60.097554055818385
2024-07-17,7305.759356364583,6732.625230971644,6936.602317150369,58.97779702331161,60.764636298237235
2024-07-18,6927.092368095138,6774.151717936129,6937.309768439001,59.341569049120494,60.77083357152566
2024-07-19,11103.175403931251,6900.400776158266,7090.559855447551,60.44751079914642,62.11330433372055
2024-07-20,11132.895086923612,7073.977784494206,7353.0198886561075,61.968045392169245,64.41245422462751
2024-07-21,9933.137010996526,7261.1367030043475,7549.642786933266,63.60755751831809,66.13487081353541
2024-07-22,9251.404707149306,7429.4989409088785,7687.896935953225,65.08241072236179,67.34597715895026
2024-07-23,10098.837592593749,7571.5166860695645,7803.825126775943,66.32648616996939,68.36150811055727
2024-07-24,10752.515697222223,7681.915880238778,7981.500160587008,67.2935831108917,69.91794140674219
2024-07-25,8923.992775355555,7746.738947660623,8105.714323214401,67.86143318150707,71.00605747135816
2024-07-26,9630.129046075695,7765.247225725504,8173.578585339878,68.02356569735542,71.60054840757734
2024-07-27,7058.927611569445,7811.296524691141,8184.992785144634,68.4269575562944,71.700536797867
2024-07-28,8388.427987340277,7833.259323520001,8161.395840151338,68.61935167403522,71.49382755972573
2024-07-29,7417.078975345834,7803.410788450081,8143.731568653508,68.3578785068227,71.33908854140473
2024-07-30,7124.650939177084,7813.346645282859,8086.693503809139,68.44491661267786,70.83943509336805
2024-07-31,7125.5826005416675,7879.8581750920175,8019.921292666077,69.02755761380608,70.25451052375483
2024-08-01,7797.0604446145835,7970.148048187017,7975.880156108175,69.81849690211827,69.86871016750761
2024-08-02,6342.542200604166,8018.922138865633,7940.362984027853,70.24575793646295,69.557579740084
2024-08-03,6919.082043638889,7996.5790803151585,7846.762412995831,70.05003274356079,68.73763873784348
2024-08-04,5703.996276048611,7938.373025319518,7749.098884736676,69.54014770179899,67.8821062302933
2024-08-05,4423.790990121528,7832.0518557981595,7564.191994283516,68.60877425679188,66.2623218699236
2024-08-06,7777.484397961805,7764.990602137211,7459.299088551444,68.02131767472197,65.34346001571065
2024-08-07,8273.141526569445,7811.254271855339,7503.012387543376,68.42658742145277,65.72638851487999
2024-08-08,10014.7754720625,7962.973732125959,7634.277719277627,69.75564989342341,66.87627282087202
2024-08-09,6294.13861942014,8047.5849379277015,7651.612894389936,70.49684405624666,67.02812895485584
2024-08-10,6585.536589152777,7993.781705277078,7573.8188550282675,70.02552773822721,66.34665317004763
2024-08-11,6558.229492888889,8002.702183908264,7506.4133034755905,70.10367113103639,65.75618053844617
2024-08-12,8000.86364480625,8055.7619084278695,7493.773577145606,70.56847431782813,65.64545653579552
2024-08-13,7841.200990360417,8111.698973426969,7529.937248558365,71.05848300722025,65.96225029737128
2024-08-14,6474.733592324305,8089.481044526256,7506.0368226563705,70.86385395005,65.75288256646981
2024-08-15,8137.030044778472,7984.660282326987,7474.506833508019,69.94562407318442,65.47667986153026
2024-08-16,8505.140889836804,7998.219774089673,7538.238858453245,70.06440522102554,66.03497240005042
2024-08-17,9253.871294395833,8060.70967978155,7621.6058407564515,70.6118167948864,66.76526716502651
2024-08-18,6653.704576305555,8019.251731176187,7647.9294357821045,70.2486451651034,66.99586185745123
2024-08-19,8768.286819472223,7895.533139800944,7635.855221649333,69.16487030465628,66.89009174164815
2024-08-20,10199.51477307639,7872.307811816464,7770.232217849436,68.96141643151223,68.06723422836107
2024-08-21,10134.031220868055,7890.111182974467,7928.95715165025,69.11737396285635,69.4576646484562
2024-08-22,9020.429667510418,7893.064761118937,8034.3380419059395,69.1432473074019,70.38080124709603
2024-08-23,9963.287523028472,7848.281843929009,8110.723298947603,68.75094895281812,71.049936098781
2024-08-24,9757.154107572916,7859.585952687376,8249.068169121401,68.84997294554142,72.26183716150348
2024-08-25,9723.848327879514,7867.100308055593,8321.660597407232,68.915798698567,72.89774683328736
2024-08-26,10916.548504256943,7946.751628692863,8479.504112749883,69.6135442673495,74.28045602768897
2024-08-27,11098.548457013889,8037.796818772734,8612.309177315952,70.41110013244914,75.44382839328775
2024-08-28,11889.459127339584,8166.964490044502,8816.044537184518,71.54260893278983,77.22855014573638
2024-08-29,11240.506680475693,8302.190906757383,8977.141014397173,72.72719234319469,78.63975528611924
2024-08-30,12090.412824121528,8461.046884794448,9160.57959018566,74.11877071079937,80.24667721002639
2024-08-31,11531.339424472222,8613.22257145858,9336.969561198799,75.45182972597716,81.79185335610148
2024-09-01,11108.618040306252,8738.214252745745,9456.297121823232,76.54675685405273,82.83716278717152
2024-09-02,12405.37623054861,8916.485047867429,9609.815231285136,78.10840901931867,84.18198142605779
2024-09-03,9815.551495225694,9080.313660537957,9714.93772553819,79.5435476663125,85.10285447571454
2024-09-04,11513.715149129166,9266.934481653914,9765.469156535919,81.1783460592883,85.54550981125465
2024-09-05,10967.20349864861,9452.622780277141,9876.129344636729,82.80497555522776,86.51489305901777
2024-09-06,11287.740109670138,9552.686154417139,9957.839657385233,83.68153071269414,87.23067539869464
2024-09-07,9190.224063625,9570.541028450845,9963.919197954834,83.8379394092294,87.28393217408434
2024-09-08,10206.100661380207,9619.458001513229,9927.32200005003,84.2664520932559,86.96334072043827
2024-09-09,10664.149992027778,9769.08323984258,9992.3672494201,85.577169181021,87.53313710492007
2024-09-10,8230.554078895138,9859.018910989755,9942.192812539823,86.36500566027024,87.09360903784885
2024-09-11,9047.289288102778,9894.136888356417,9840.223884516912,86.67263914200221,86.20036122836815
2024-09-12,9040.540224247916,9937.58922077192,9809.24883417307,87.05328157396202,85.92901978735608
2024-09-13,9098.998351792361,9995.20234718831,9750.390709450649,87.5579725613696,85.41342261478768
2024-09-14,10558.483198039236,10085.865848935298,9749.257680021055,88.35218483667323,85.40349727698445
2024-09-15,10636.108733260417,10167.709369745751,9824.443655655416,89.0691340789728,86.06212642354143
2024-09-16,10683.546083284722,10229.464085527798,9879.680088327157,89.61010538922352,86.54599757374591
2024-09-17,9534.56715196875,10290.805705851042,9879.565864338676,90.14745798325514,86.54499697160679
2024-09-18,11586.725597831251,10401.338827709325,9937.382972689198,91.1157281307337,87.0514748407574
2024-09-19,11229.79358089861,10446.806477195483,10010.642907188734,91.51402474023244,87.6932318669733
2024-09-20,11742.876924326389,10494.542820489398,10117.360455392465,91.93219510748713,88.628077589238
2024-09-21,11170.400110555556,10564.259470268034,10216.543715704449,92.54291295954799,89.49692294957099
2024-09-22,10100.850227245139,10612.713228506935,10245.233541113832,92.96736788172075,89.74824582015718
2024-09-23,9568.818160524306,10602.971884279681,10227.370317526324,92.88203370629002,89.59176398153062
2024-09-24,7866.201887659722,10571.966402847182,10111.723888292889,92.6104256889413,88.5787012614457
2024-09-25,8396.074921885416,10475.156351977299,9966.134971102216,91.76236964332115,87.30334234685542
2024-09-26,8495.609728197916,10421.634860855722,9899.434385737966,91.29352138109613,86.7190452190646
2024-09-27,8532.911023986111,10304.627167019195,9793.637334118697,90.26853398308815,85.7922630468798
2024-09-28,10415.106636616667,10240.406941735064,9768.279579021077,89.70596480959915,85.57012911222462
2024-09-29,10096.056596850694,10203.800015456918,9829.53787222424,89.38528813540262,86.10675176068435
2024-09-30,9996.787663979167,10132.336695337623,9825.00677024782,88.75926945115759,86.06705930737093
2024-10-01,10096.767541381943,10093.411622561433,9837.791469518035,88.41828581363815,86.17905327297801
2024-10-02,10066.604659420138,10031.471731527823,9846.047885292084,87.87569236818372,86.25137947515867
2024-10-03,11576.976752547569,10016.777535819972,9909.031987490729,87.74697121378297,86.8031202104188
2024-10-04,11163.7788978125,10057.173500681536,10024.536510858468,88.10083986597026,87.8149398351202
2024-10-05,11505.96338767014,10042.039784793404,10089.531397342571,87.96826851479022,88.38429504072093
2024-10-06,12128.32373076736,10072.456380295129,10216.201377278649,88.23471789138534,89.49392406496098
2024-10-07,11696.167025143752,10134.389260345466,10326.23446774888,88.77724992062629,90.4578139374802
2024-10-08,9656.374675850695,10168.559345194579,10331.288237283567,89.07657986390451,90.50208495860404
2024-10-09,9320.221793184028,10126.394772796264,10288.079003477947,88.70721820969527,90.12357207046682
2024-10-10,10835.118845347222,10158.371800851384,10282.26335377406,88.98733697545812,90.07262697906077
2024-10-11,10837.633179177084,10234.817380859526,10306.215310138674,89.65700025632945,90.2824461168148
2024-10-12,10102.377652753472,10272.66920708259,10318.114493389256,89.9885822540435,90.38668296208989
2024-10-13,9231.703360871528,10306.632413135343,10291.679517273717,90.28609993906561,90.15511257131776
2024-10-14,9070.303547608333,10267.983762376953,10180.202191145314,89.94753775842211,89.17857119443295
2024-10-15,10183.064792579165,10239.739495692487,10173.3554736615,89.70011798226619,89.11859394927474
2024-10-16,9505.068915401389,10216.77164103825,10161.142049387045,89.49891957549507,89.01160435263053
2024-10-17,10396.373339288195,10211.655830394217,10134.013322471983,89.45410507425335,88.77395670485458
2024-10-18,10573.67175790139,10195.77620443319,10143.720831270382,89.31499955083474,88.85899448192856
2024-10-19,10581.473121475694,10192.513849336903,10197.746380737697,89.28642132019127,89.33225829526225
2024-10-20,9876.584085483333,10129.682721662064,10170.538417760463,88.7360206417597,89.09391653958166
2024-10-21,10592.611361993057,10092.922159777077,10195.787308732159,88.4139981196472,89.31509682449372
2024-10-22,10436.891034182292,10089.84684421883,10220.180293456775,88.38705835535694,89.52877937068136
2024-10-23,9899.382263840971,10076.25343269659,10177.343665509312,88.26798007042214,89.15353050986157
2024-10-24,10630.527999364236,10150.95052621839,10210.402852271547,88.9223266096731,89.44312898589875
2024-10-25,10509.241873029861,10243.60519603982,10237.90642384658,89.73398151730883,89.68406027289605
2024-10-26,9478.351773263888,10280.142853131745,10223.892330817129,90.05405139343408,89.56129681795805
2024-10-27,9882.22712221389,10317.924750128996,10170.194098876895,90.38502081113,89.0909003061616
2024-10-28,9676.909066093056,10338.37023358307,10159.355900448074,90.56412324618769,88.99595768792513
2024-10-29,10167.946541822223,10308.558431060199,10138.192875955152,90.30297185608735,88.81056959336713
2024-10-30,10487.807455736805,10322.346303618413,10140.330097036907,90.42375361969731,88.82929165004332
2024-10-31,10734.238522565278,10347.296429038668,10181.032433847084,90.64231671837872,89.18584412050046
2024-11-01,10743.354266440972,10370.513469672705,10212.172483209519,90.8456979943329,89.45863095291537
2024-11-02,11481.352529076388,10379.078145449776,10267.588861498425,90.92072455414002,89.94407842672621
2024-11-03,11898.090516649305,10393.263450608696,10387.818312227151,91.04498782733219,90.99728841510985
2024-11-04,9893.437644573265,10380.3996560821,10403.861757007371,90.93230098727919,91.13782899138458
2024-11-05,10380.29359157639,10309.175562584176,10372.41638896378,90.30837792823739,90.86236756732272
2024-11-06,12808.767920328819,10310.796013247855,10476.449471572761,90.3225730760512,91.77369737097739
2024-11-07,10073.280289149307,10335.900984581795,10520.081061192914,90.54249262493653,92.15591009604994
2024-11-08,11231.100479952083,10376.996872435182,10545.005316212812,90.9024926025322,92.37424657002423
2024-11-09,9788.373805269444,10382.182064480303,10531.49524724722,90.94791488484746,92.25589836588567
2024-11-10,9993.318587680556,10351.098566469274,10479.085335189004,90.67562344227083,91.79678753625568
2024-11-11,8425.612256680555,10318.41228371981,10416.159182238143,90.38929160538554,91.24555443640612
2024-11-12,7838.380673159722,10250.819637853598,10252.758075529231,89.79718002759752,89.81416074163609
2024-11-13,9506.29618993611,10257.416296181787,10157.447971837772,89.85496675455248,88.9792442332989
2024-11-14,10133.803604236111,10244.070454620081,10126.199335200652,89.7380571824719,88.7055061763577
2024-11-15,10103.903367708333,10254.89093130833,10138.09360255916,89.83284455826099,88.80969995841825
2024-11-16,11547.795563463887,10289.960635322032,10180.230007300122,90.140055165421,89.17881486394907
2024-11-17,11946.950430854165,10336.973580370273,10278.287559116166,90.55188856404361,90.03779901785761
2024-11-18,11756.319491569446,10377.72186419755,10402.378848638857,90.90884353037056,91.1248387140764
2024-11-19,8933.0256805,10378.605182395324,10362.574909412759,90.91658139778305,90.77615620645577
2024-11-20,9712.431413628472,10344.13852677516,10308.64752943882,90.6146534945504,90.30375235788405
2024-11-21,9846.001383885416,10322.81440349448,10284.715112108135,90.42785417461164,90.09410438206726
2024-11-22,10252.815156340972,10339.658654004072,10270.7339383942,90.57540980907568,89.97162930033319
2024-11-23,11205.893728694444,10347.48129681035,10313.234263209333,90.64393616005867,90.34393214571377
2024-11-24,9116.313312961805,10319.554061494498,10279.058588613709,90.39929357869181,90.04455323625609
2024-11-25,9338.606470006946,10293.432024974043,10212.492971695412,90.17046453877263,89.4614384320518
2024-11-26,10357.237898545138,10305.739137607687,10183.714987722613,90.27827484544332,89.2093432924501
2024-11-27,11231.396001694446,10340.654413896254,10239.939787432093,90.5841326657312,89.70187253790515
2024-11-28,9738.965533395834,10352.533212668102,10235.43205933691,90.68819094297258,89.66238483979134
2024-11-29,9828.980976944446,10341.121557274173,10209.007795581789,90.58822484172175,89.43090828929648
2024-11-30,6990.560198763888,10267.295017537775,10101.059694642434,89.94150435363092,88.48528292506772
2024-12-01,9614.89364909375,10192.182407764076,9993.508166513955,89.28351789201332,87.54313153866225
2024-12-02,11959.192535557639,10173.123914290913,10027.292878629825,89.1165654891884,87.83908561679728
2024-12-03,10602.29178600486,10151.104630407182,10119.334052442702,88.92367656236694,88.64536629939808
2024-12-04,10060.286580218055,10132.427263790558,10116.973971830175,88.7600628308053,88.62469199323233
2024-12-05,10626.64808412639,10157.195998616124,10152.03668553295,88.97703694787725,88.93184136526865
2024-12-06,10703.97129860139,10116.466799849668,10190.644256125954,88.6202491666831,89.27004368366336
2024-12-07,11781.477316399307,10102.448065044302,10227.153079002766,88.49744504978808,89.58986097206424
2024-12-08,12237.658329833333,10154.662969865118,10371.709639007533,88.95484761601845,90.85617643770598
2024-12-09,8748.441439875,10150.725401678432,10360.712836283956,88.92035451870306,90.75984444584743
2024-12-10,8732.064913427084,10115.68032597615,10251.512225923456,88.61335965555106,89.80324709908949
2024-12-11,10249.84877545139,10110.157755300921,10194.038614716714,88.56498193643608,89.29977826491843
2024-12-12,11525.356479829861,10217.179977684818,10252.929276971356,89.50249660451901,89.81566046626908
2024-12-13,11349.060846315973,10309.74268957633,10335.860953999347,90.31334596068865,90.54214195703429
2024-12-14,9450.870321305556,10333.042983044306,10336.96306223756,90.51745653146811,90.55179642520103
2024-12-15,11043.8704724375,10324.928070808286,10320.349610429143,90.4463699002806,90.40626258735928
2024-12-16,13104.13608256389,10383.44563023469,10464.22941811882,90.95898372085588,91.66664970272087
2024-12-17,12964.887420753474,10424.008078079027,10622.220138975108,91.31431076397229,93.05064841742194
2024-12-18,10853.79920015625,10399.475629949711,10675.587862534921,91.09940651835946,93.5181496758059
2024-12-19,11963.6714084375,10465.99549095109,10748.655216841558,91.68212050073156,94.15821969953204
2024-12-20,12308.649941434029,10543.532547042223,10819.943018030312,92.3613451120899,94.78270083794554
2024-12-21,11966.180188913195,10620.99871641088,10912.52007175491,93.03994875575931,95.59367582857301
2024-12-22,11733.590329264583,10674.512278373955,10961.25266425308,93.50872755855585,96.02057333885699
2024-12-23,13539.973641784722,10736.382155072799,11079.101180185642,94.05070767843772,97.05292633842622
2024-12-24,11564.204009743056,10835.028485801105,11186.6071154293,94.91484953561768,97.99467833116067
2024-12-25,11312.796171393056,10897.671112211157,11182.401962862315,95.46359894296974,97.9578411946739
2024-12-26,13778.738726056248,10995.379229854336,11280.493324782119,96.31952205352398,98.81712152509137
2024-12-27,13174.769405791667,11088.566750020027,11445.878922105085,97.13584473017544,100.26589935764055
2024-12-28,11492.495069072223,11146.337370656001,11475.586792350718,97.64191536694659,100.52614030099228
2024-12-29,10804.03586265625,11189.373807549406,11452.209765343336,98.01891455413279,100.32135754440763
2024-12-30,10386.197448465278,11258.763699737612,11399.462297390028,98.62677000970149,99.85928972513665
2024-12-31,4719.331727329861,11226.9604677786,11142.344861726087,98.34817369774053,97.60694098872052
2025-01-01,10814.046619697916,11132.78714929832,10921.670104329894,97.52321542785329,95.6738301139299
2025-01-02,10405.610443059028,11107.8655250803,10908.23977831191,97.30490199970346,95.55618045801235
2025-01-03,11061.193000850695,11139.861313746485,10917.568827273588,97.58518510841922,95.63790292691664
2025-01-04,10988.083675869444,11147.352170399572,10915.375438715973,97.65080501270027,95.61868884315193
2025-01-05,10596.778814432639,11146.464734223491,10902.60443849982,97.6430310717978,95.50681488125844
2025-01-06,11469.58728895139,11152.592767785149,10904.879905530552,97.6967126457979,95.52674797244765
2025-01-07,12093.731177072916,11129.445812746771,10960.881315250066,97.4939453196617,96.01732032159059
2025-01-08,11577.118567770833,11190.956114942288,11032.290490784553,98.03277556689444,96.64286469927269
2025-01-09,10451.769395211806,11269.426204516296,11031.164372831843,98.72017355156277,96.63299990600694
2025-01-10,10705.67035732639,11303.083436572195,10987.992742810211,99.01501090437243,96.25481642701745
2025-01-11,9881.335778888888,11277.665730996066,10945.449929520231,98.79235180352556,95.88214138259723
2025-01-12,9617.477063850694,11223.044978639133,10878.080208663967,98.31387401287883,95.29198262789636
2025-01-13,11166.263849590277,11213.32903120684,10827.080462376403,98.22876231337192,94.84522485041731
2025-01-14,11480.82258792639,11252.250138564224,10853.582937983936,98.56971121382263,95.07738653673927
2025-01-15,12376.49682852118,11241.711499913863,10942.230567463486,98.47739273924545,95.85393977098016
2025-01-16,11208.19173720139,11201.911368016568,10991.980003408758,98.12874358382516,96.28974482986074
2025-01-17,12085.68000471875,11204.15456399478,11027.1385795697,98.14839398059428,96.59773395703058
2025-01-18,12265.639801743055,11227.399232696744,11121.917598929838,98.35201727842347,97.42799816662539
2025-01-19,10949.646267576389,11218.037987932978,11150.29986584303,98.27001277429288,97.67662682478495
2025-01-20,10721.865428621528,11165.421591140293,11120.056363626,97.80909313838897,97.41169374536376
2025-01-21,11556.965138427084,11139.343343161376,11105.457341714564,97.58064768609366,97.28380631341959
2025-01-22,12806.158888510416,11131.455379454828,11198.397606617318,97.51154912402431,98.0979630339677
2025-01-23,11285.0490955,11109.13096966085,11254.964862849747,97.31598729422903,98.5934921985638
2025-01-24,11181.969901149307,11107.872771706852,11244.177603497259,97.30496548015202,98.49899580663599
2025-01-25,11106.515432246526,11053.601179829457,11232.41754687179,96.82954633530603,98.39597771059688
2025-01-26,10942.222628100695,10960.672185112237,11221.130608931206,96.0154883415832,98.29710413423737
2025-01-27,13087.311080443404,10967.096880750394,11279.107646228773,96.07176867537345,98.80498298096404
2025-01-28,13389.64064999375,11040.652604242017,11411.201824657624,96.71611681316007,99.9621279840008
2025-01-29,11878.296410263889,11105.49148701767,11486.061374492674,97.28410542627479,100.61789764055584
2025-01-30,11386.35754903125,11239.467661133769,11485.25230713339,98.45773671153182,100.61081021048851
2025-01-31,11816.733518934028,11369.443829165013,11491.0797548224,99.59632794348552,100.66185865224423
2025-02-01,11355.434191492363,11408.322786990359,11516.365300975733,99.93690761403555,100.88336003654742
2025-02-02,12012.514395663195,11427.709837969085,11523.84820628392,100.10673818060918,100.94891028704716
2025-02-03,11232.385055484374,11453.803201172175,11532.49348334877,100.33531604226827,101.02464291413521
2025-02-04,11281.624615393748,11470.572592508142,11512.671697204905,100.48221591037134,100.85100406751498
2025-02-05,10006.074600222222,11462.506137187846,11459.13468177262,100.41155376176552,100.38201981232817
2025-02-06,10450.536971530555,11405.431851737929,11369.261391176871,99.91158302122426,99.59472978670941
2025-02-07,10934.014991166667,11349.411717911076,11306.238053160481,99.42084664890103,99.04264534568581
2025-02-08,11223.023553291669,11361.072768720538,11310.356248889244,99.52299745399192,99.07872074026977
2025-02-09,12460.384187595138,11410.877980841398,11345.856854563439,99.95929111217066,99.38970604597573
2025-02-10,12145.557670805554,11481.876025786172,11417.833155492453,100.58123398588687,100.02021844211392
2025-02-11,11509.903966020835,11544.165805052193,11440.419528675311,101.12689245225721,100.21807507119571
2025-02-12,11937.811870788195,11595.105161343314,11451.181946428085,101.57312121336743,100.31235385071001
2025-02-13,12676.336134003473,11641.563361275998,11527.49156040068,101.98009504477774,100.98082606910997
2025-02-14,10348.425588270833,11605.741580428245,11502.1088853916,101.66629624455145,100.75847383603042
2025-02-15,10805.562109364584,11564.721417290633,11437.053101535399,101.30695961546594,100.18858516945009
2025-02-16,10945.494557840277,11553.09336413722,11420.869398028626,101.20509786984205,100.04681592673079
2025-02-17,10416.571269395834,11491.941761021755,11371.843604741298,100.66940982655058,99.61734997753376
2025-02-18,10791.594680309028,11448.393553701537,11300.424782999064,100.28792753042546,98.9917210990718
2025-02-19,11517.576213850696,11468.285035513341,11299.06109900458,100.46217691109689,98.97977522728013
2025-02-20,11987.844414517362,11497.976131924166,11330.091726238143,100.72227091565571,99.25160352184615
2025-02-21,11808.106300930556,11488.745999493856,11390.369086729044,100.64141495556619,99.77963319974644
2025-02-22,12376.955921444445,11478.471698487905,11415.664124994159,100.55141207875407,100.00121773494884
2025-02-23,5398.232811333333,11501.649497791643,11456.597820407194,100.7544496006548,100.35979690676703
2025-02-24,,,,,
2025-02-25,,,,,
2025-02-26,11982.201414687943,11511.273635208752,11457.44184400864,100.83875704442868,100.3671905535157
2025-02-27,10477.848904241318,11513.445837676883,11435.990962415643,100.8577855380495,100.17928083076104
2025-02-28,11469.627042010417,11511.55204921645,11408.553013536866,100.84119595113611,99.93892439858296
2025-03-01,10582.2107585,11468.368381329337,11369.620013165755,100.462907020445,99.59787131533203
2025-03-02,10891.3998411875,11382.941353852983,11330.317800957886,99.71456625975212,99.25358393639111
2025-03-03,11589.293041052084,11347.20604787702,11342.11112409314,99.40152497940268,99.3568934470559
2025-03-04,11454.482336236111,11354.67391743107,11365.337748453252,99.46694351669618,99.56035867645049
2025-03-05,11586.07608267361,11339.2362763839,11348.937676859641,99.33170978112297,99.41669404929047
2025-03-06,12074.460238411111,11346.014259255307,11396.65773961173,99.3910849110765,99.83472179899876
2025-03-07,11492.881153086804,11354.31467920133,11427.375900319961,99.46379658980366,100.10381288680286
2025-03-08,10123.503639069444,11324.966946299646,11385.325644861085,99.20671044958489,99.7354526489831
2025-03-09,8858.238097827083,11267.040277644688,11262.365377007023,98.69927283216747,98.65832070258153
2025-03-10,8623.388802675001,11199.805983255845,11095.233115685778,98.11030041332123,97.19424209340742
2025-03-11,9399.377572958334,11167.87769576525,10967.049105683343,97.8306086149036,96.0713501657861
2025-03-12,10078.761932069445,11146.748359751395,10889.385518053457,97.64551563142221,95.3910171381483
2025-03-13,9340.561728677083,11088.667397130099,10807.964452955746,97.13672639885966,94.67776860789235
2025-03-14,9769.11355232639,11007.651099407789,10718.937693534534,96.42702363081224,93.89789419536253
2025-03-15,10201.62637976389,10925.504599202577,10672.64173567352,95.70742028901458,93.49234160450004
2025-03-16,11512.789259712501,10892.511805517395,10679.91029371719,95.4184034163324,93.55601417296259
2025-03-17,11152.570348402778,10893.148870235502,10740.526559589258,95.42398410326301,94.0870126620019
2025-03-18,8303.784620878472,10800.379014070839,10681.790599001715,94.61132016326057,93.57248564725502
2025-03-19,8033.749888607639,10694.60976333684,10507.236175960794,93.68478152683072,92.04338890141656
2025-03-20,9196.893605326388,10641.177857175588,10403.18883507312,93.21671802885815,91.13193419524055
2025-03-21,7388.791890104167,10533.653217063698,10244.795643065756,92.274802181478,89.74440983325603
2025-03-22,8419.684781104166,10435.511431713574,10082.372816068539,91.41508014181092,88.32158586876041
2025-03-23,7662.1706125895835,10366.862982444149,9960.596665934525,90.81371972621075,87.25482679358645
2025-03-24,8496.637983190973,10255.255570784704,9829.85417066407,89.836038800074,86.10952253501726
2025-03-25,8730.071628169444,10161.731610960389,9774.610027678254,89.016768912013,85.6255838424615
2025-03-26,8585.039687002778,10030.772352186137,9681.70968377643,87.86956580515057,84.81177682988152
2025-03-27,8756.721003083332,9938.25664428387,9637.95625445614,87.0591282039267,84.42849678903578
2025-03-28,7214.182501621527,9800.249328477725,9526.81776831411,85.85018411746488,83.4549236504316
2025-03-29,7390.3990146604165,9661.285599082965,9361.590636566654,84.6328618479668,82.0075339763239
2025-03-30,10822.856411163195,9603.649805742249,9357.475966686723,84.12797229830211,81.97148946817569
2025-03-31,11287.67482348264,9617.633919496615,9478.502240285363,84.25047313479035,83.03167962489978
2025-04-01,9589.263010104167,9613.396998635084,9552.330522434297,84.21335770804335,83.67841537652443
2025-04-02,6815.695727208334,9493.328105315317,9445.256719491894,83.16155420256219,82.740448862749
2025-04-03,7595.7568492875,9338.77563168701,9292.14481795678,81.80767453357821,81.3991886053014
2025-04-04,7857.003522850694,9223.655993394543,9186.672960914302,80.7992265021362,80.47525513760928
2025-04-05,9806.246984010417,9129.232190041714,9192.0706591773,79.97207398476543,80.52253897439316
2025-04-06,9878.8060383125,9052.67516435038,9217.078771660743,79.30143443970933,80.74161003974811
2025-04-07,9787.622107722222,9029.612532013942,9273.650371351161,79.09940578044213,81.23717725303617
2025-04-08,7911.212558451389,8996.23885126099,9222.00535241921,78.80705233704629,80.78476688719228
2025-04-09,7872.373311642361,8978.93868480605,9153.1348521334,78.655502878901,80.1814613046886
2025-04-10,9309.679248482638,8959.146807801008,9112.021970612399,78.48212603633682,79.82131246256462
2025-04-11,8871.074533930556,8932.920147779476,9102.594476062251,78.2523804945482,79.73872761030533
2025-04-12,8889.090872520834,8918.190113845143,9107.980566811437,78.12334539728346,79.78590976526819
2025-04-13,9734.34944390625,8920.234893561492,9132.741918301728,78.14125766759867,80.00281920432313
2025-04-14,9143.761083753472,8882.25742882171,9114.981492001358,77.80857507647816,79.8472378699319
2025-04-15,9003.662323559029,8840.624131605755,9141.635221889743,77.44386739286642,80.08072454375414
2025-04-16,8665.876379913194,8745.353327153729,9117.268333287719,76.60929514586667,79.86727059960042
2025-04-17,8418.572018038194,8698.928674134957,9074.657570572697,76.20261518542223,79.49400031821683
2025-04-18,8188.267209368056,8708.181443379077,9021.588608680193,76.28366944400072,79.02911621203849
2025-04-19,9024.065068225695,8695.46324528269,8988.467036223197,76.17225802867637,78.73897123731521
2025-04-20,9878.431511989584,8750.392680212892,9028.416850918251,76.65343987866493,79.08893161404389
2025-04-21,9138.885881159722,8806.45066522338,9052.22702685191,77.1445078273568,79.29750875522272
2025-04-22,9963.727953385418,8847.008624733862,9076.235766766327,77.49979555266864,79.50782531687302
2025-04-23,9944.915301166666,8932.057434386588,9166.7645553552,78.24482312522652,80.30085750491155
2025-04-24,8693.737965597222,8935.43131727349,9160.351277338656,78.27437833931576,80.24467718948664
2025-04-25,6450.5280871597215,8906.47017334929,9050.13673757632,78.02067871853977,79.27919782116855
2025-04-26,6338.537775131944,8818.575365357605,8876.985108628933,77.25072020053263,77.76238955158944
2025-04-27,6924.751412243056,8774.462063829309,8730.45277055826,76.86428767914475,76.47876627009036
2025-04-28,7230.625789850695,8782.446779727843,8632.235461898872,76.93423379041592,75.61838264623412
2025-04-29,8298.723362715278,8721.982228826999,8557.095133524308,76.40456432452451,74.96015336967294
2025-04-30,9061.878274241319,8643.507429638257,8577.799634198103,75.71712508363115,75.14152479557539
2025-05-01,8957.59623987153,8594.09391631398,8614.88842964525,75.28426270691047,75.46642264369241
2025-05-02,8240.519064802083,8616.447100427142,8612.277092791244,75.48007659974176,75.4435473328513
2025-05-03,10163.026306256945,8684.331654769021,8644.37978034598,76.07474529577662,75.72476687583078
2025-05-04,10855.79124422361,8782.617992523008,8771.017970658528,76.93573361450156,76.8341174229687
2025-05-05,11014.838010138888,8840.653280263085,8914.728633111861,77.44412273510461,78.09302282605992
2025-05-06,11230.6797085625,8889.094954548726,9051.43577590629,77.86847180184684,79.2905773969391
2025-05-07,11169.128320962502,8926.510805794203,9190.943217361968,78.19623465875722,80.51266258409085
2025-05-08,9150.987972434028,8984.432310223965,9256.880349461631,78.70362703756193,81.09027186128391
2025-05-09,7915.126774673611,8998.202764457057,9211.966202112033,78.82425621664383,80.69682393050141
2025-05-10,7569.699083024305,8972.0881859884,9115.889174835911,78.59549250925838,79.85518917156257
2025-05-11,7554.541675633333,8924.531056425392,9014.378536876005,78.17889205428644,78.9659559830338
2025-05-12,6921.5588575,8856.316574986999,8893.26462715425,77.5813331968861,77.90499813387125
2025-05-13,6581.064095760416,8767.0468063953,8758.604270725937,76.79933002402282,76.72537341155922
2025-05-14,5819.295637709028,8677.419746555304,8591.378114885589,76.01419697982446,75.26047228639776
2025-05-15,5489.051035572917,8546.985890601347,8399.494436251936,74.8715964016678,73.57957126156697
2025-05-16,4848.706703809722,8426.463859419608,8189.5945497772955,73.81582340851577,71.7408482560491
2025-05-17,6705.264435100694,8327.015845918026,8015.1307986583715,72.9446588102419,70.21254579624734
2025-05-18,8444.088071618056,8315.359200806639,8008.528825822038,72.84254659906615,70.15471251420105
2025-05-19,8406.950114364583,8317.346996704751,8044.43976327225,72.85995969113362,70.46929232626492
2025-05-20,8152.1887001458335,8278.24346132541,8069.488866749162,72.51741272121059,70.68872247272266
2025-05-21,6068.694029989583,8192.044974563087,7987.617343366898,71.76231397717264,69.97152792789403
2025-05-22,6695.321486746528,8084.414036967856,7871.939662002321,70.81946696383842,68.95819143914032
2025-05-23,6160.812085840277,7953.586813842511,7786.753387212179,69.67342048926041,68.2119596719787
2025-05-24,10574.992291375695,7928.134198831319,7822.2674170525725,69.45045558176236,68.52306257338054
2025-05-25,9505.333057108333,8012.994456063771,7963.010614461823,70.19383143511865,69.75597298268558
2025-05-26,10872.276600572915,8139.8472251482135,8105.86487860603,71.30506169229837,71.00737633658882
2025-05-27,10982.18646346528,8295.259674805868,8309.552209443083,72.6664747512994,72.79167735472141
2025-05-28,9328.898218065971,8399.324781919142,8439.115038935834,73.57808508961169,73.9266477410779
2025-05-29,5866.207896805555,8394.734823903891,8365.617823480563,73.53787705739809,73.28281213368975
2025-05-30,5452.061748858333,8287.575744151498,8191.121081922924,72.59916351876713,71.75422067764482
2025-05-31,5340.31309040625,8162.83762750754,8011.750576971298,71.50645761696605,70.18293505426858
2025-06-01,8002.473703472223,8097.540782453609,7923.154700173328,70.93445725429362,69.40683517351836
2025-06-02,6088.797250654513,8034.314669847096,7875.8220898125255,70.38059650786057,68.99220150675772
2025-06-03,8050.310219358334,7902.8046686423395,7798.363134647961,69.2285688973069,68.31366105951614
2025-06-04,8137.193806911112,7818.0656786882055,7840.792556193456,68.48625534530869,68.68534279225467
2025-06-05,8194.99960706979,7715.747047118016,7848.657133905776,67.58994413275381,68.7542364930146
2025-06-06,10276.523214577084,7649.812956784772,7938.824031131495,67.0123615014346,69.5440985127119
2025-06-07,10689.086347372917,7668.9237584541925,8123.295746721826,67.17977212405874,71.1600707412832
2025-06-08,11013.432291258332,7740.6529564341545,8291.039089372565,67.8081198983632,72.62950242290368
2025-06-09,9438.515198033334,7828.700749664277,8424.22588264069,68.57941856705908,73.79621873193246
2025-06-10,7287.693103813889,7851.718912821467,8411.092216883677,68.78105767631605,73.681167819901
2025-06-11,6324.6216174041665,7838.266977248826,8302.844482339235,68.66321872069972,72.73291766529171
2025-06-12,5757.524261045834,7812.558972661814,8156.425722138246,68.4380166005175,71.45028932593104
2025-06-13,6266.816630693055,7800.753499682643,8005.805885736922,68.33460065721995,70.13085955905545
2025-06-14,9700.73631068889,7880.968017794948,8008.282978241478,69.03727983588374,70.15255888939535
2025-06-15,7515.502258345833,8001.11917647066,8055.309232381347,70.08980398588298,70.56450887566061
2025-06-16,10578.335164645834,8119.124280755218,8118.239566872803,71.12352869941571,71.11577860580576
2025-06-17,6232.4478501583335,8151.9556403101315,8165.816351217064,71.41113140911676,71.53255123666149
2025-06-18,6245.396575669444,8061.1082391543605,8016.275895892656,70.6153081749922,70.22257684801967
2025-06-19,8273.595098875,8019.417589137002,7963.253158128689,70.25009808084015,69.75809766520733
2025-06-20,7374.622412312848,8060.35223150904,7967.941910545204,70.6086855480192,69.79917113637599
2025-06-21,8266.1611698375,8105.422212683951,7940.840246558713,71.00349858311142,69.56176055985433
2025-06-22,10240.468123749999,8196.33833557579,8028.076928735893,71.79992381964392,70.32595389572641
2025-06-23,11893.790541377777,8287.427544820186,8223.125230859383,72.59786529262483,72.03457702232821
2025-06-24,12117.33699960993,8356.895317471493,8471.828856073636,73.20640298105029,74.21322077920506
2025-06-25,12404.973721602082,8431.022042111828,8723.048336058342,73.85575308889962,76.41390342387109
2025-06-26,6919.400717445834,8379.798468253763,8785.624326993582,73.40703458190296,76.96206910446378
2025-06-27,6040.3855563875,8241.275613235319,8618.830632848925,72.19357437194138,75.50095634375658
2025-06-28,5780.041164479167,8192.72548960073,8445.772462323823,71.76827528890242,73.98496676995669
2025-06-29,4845.439131591666,8180.300952514118,8242.246890991497,71.65943634402369,72.2020827650855
2025-06-30,4852.684942133333,8156.305940123529,8013.31009911839,71.4492400354821,70.19659646827711
2025-07-01,8160.152744570833,8152.626733945936,7914.219600513822,71.4170101893664,69.32856370050109
2025-07-02,8942.707158420833,8205.199901880966,7973.019331976632,71.87755114047727,69.8436493481153
2025-07-03,4666.6728583583335,8213.583239193847,7899.948766893292,71.95098917533811,69.20355119798523
2025-07-04,9547.576653825,8157.20655353522,7828.851743989893,71.45712940896854,68.58074127735146
2025-07-05,10218.588542827083,8229.258576693373,7976.841672628051,72.08830513183396,69.87713305222174
2025-07-06,7061.7637302250005,8222.427842764528,8040.858723081149,72.02846790261727,70.43792241419087
2025-07-07,8157.756154103125,8086.819275708868,7956.1823025979875,70.84053685520969,69.69615697075837
2025-07-08,11508.175057320834,8070.58406205423,8103.87927195799,70.69831638359507,70.98998242235199
2025-07-09,11094.874084050001,8106.683008884399,8321.472615592522,71.01454315782733,72.8961001125905
2025-07-10,11999.518365523958,8205.884803705756,8511.003960531269,71.88355088046244,74.55639469425391
2025-07-11,11422.0096287375,8394.45533921954,8762.520535397836,73.53542877156318,76.75967989008505
2025-07-12,9492.668776029786,8519.96091951746,8831.427328939013,74.63485765497293,77.36330340150576
2025-07-13,11848.572934093618,8681.735520767814,8953.088999460337,76.05200316192605,78.42905963527257
2025-07-14,9710.932142174468,8787.542430747717,9084.675028493972,76.97887169335002,79.58175324960719
2025-07-15,7520.226887479166,8764.665367077427,9029.828013193664,76.77846861559827,79.1012933955765
2025-07-16,9090.058655879167,8755.625876840344,8995.80431717263,76.69928268112142,78.80324581843225
2025-07-17,9137.264895133334,8766.374437045799,9032.055603262983,76.7934400685212,79.12080708458373
2025-07-18,6874.498448955556,8812.254344545634,8914.65347753079,77.19534805821976,78.09236446316972
2025-07-19,10722.985476930851,8888.841560537257,8942.118437716823,77.86625207030637,78.33295751439938
